document_id,sha256,path,relative_path,filename,size_mb,page_count,encrypted,page_bucket,size_bucket,stratum
dd9a0ad9cbad7321,dd9a0ad9cbad73216c444a26be38a5438c6a8428342a9c4d90ed867b75e81781,D:\baseia_v3\corpus\metadata_williamson_1999_bureaucracies.pdf,metadata_williamson_1999_bureaucracies.pdf,metadata_williamson_1999_bureaucracies.pdf,0.0025,1.0,False,001_002,000_025mb,001_002|000_025mb|not_encrypted
4a9063205fe01dcd,4a9063205fe01dcde5109f7d14c338f4005a429c27ff53c31f7cf97bfe648841,D:\baseia_v3\corpus\Risk-Sharing Contracts and risk management of bilateral contracting in electricity markets [59cd38ef].pdf,Risk-Sharing Contracts and risk management of bilateral contracting in electricity markets [59cd38ef].pdf,Risk-Sharing Contracts and risk management of bilateral contracting in electricity markets [59cd38ef].pdf,0.906,1.0,False,001_002,025_001mb,001_002|025_001mb|not_encrypted
64fde0a612b00eda,64fde0a612b00eda1caf1ee45f4711d9d69cb182481f26caf90528bc42fc3775,D:\baseia_v3\corpus\New approach to financial time series forecasting - Quantum minimization regularizing BWGC and NGARCH composite model [b94dcebb].pdf,New approach to financial time series forecasting - Quantum minimization regularizing BWGC and NGARCH composite model [b94dcebb].pdf,New approach to financial time series forecasting - Quantum minimization regularizing BWGC and NGARCH composite model [b94dcebb].pdf,0.2299,4.0,False,003_005,000_025mb,003_005|000_025mb|not_encrypted
c01077e63ee98d45,c01077e63ee98d459d6b834d323f29320b83174cc21032d600ee5dc9d13e8487,D:\baseia_v3\corpus\uerj_rede_sirius_procedimentos_bdtd.pdf,uerj_rede_sirius_procedimentos_bdtd.pdf,uerj_rede_sirius_procedimentos_bdtd.pdf,0.0423,3.0,True,003_005,000_025mb,003_005|000_025mb|encrypted
169ba37b912aa8dd,169ba37b912aa8ddf44315dce0edf8e7670219d53d515482c09005a680c03de7,D:\baseia_v3\corpus\GTL_0081.pdf,GTL_0081.pdf,GTL_0081.pdf,0.9256,5.0,False,003_005,025_001mb,003_005|025_001mb|not_encrypted
25995c5653354c19,25995c5653354c1997d98ff339bc05a47431b783d45c937664bdc3779303576d,D:\baseia_v3\corpus\GTL_1171.pdf,GTL_1171.pdf,GTL_1171.pdf,0.837,5.0,False,003_005,025_001mb,003_005|025_001mb|not_encrypted
5eb3bbfd573073cc,5eb3bbfd573073cc49b9b5ac135a58be4692befc417359df3319a799eb958fc0,D:\baseia_v3\corpus\GAE_0970.pdf,GAE_0970.pdf,GAE_0970.pdf,1.1228,5.0,False,003_005,001_005mb,003_005|001_005mb|not_encrypted
035ca90614af2355,035ca90614af235551917e2fa5297d091092bf8b79eea6a8581ad84d55be0904,D:\baseia_v3\corpus\10.1080_096031096334006.pdf,10.1080_096031096334006.pdf,10.1080_096031096334006.pdf,0.1565,8.0,False,006_010,000_025mb,006_010|000_025mb|not_encrypted
0033d9791d44daff,0033d9791d44daff6c0fb83a1cadd1f38f545ac968f6014fe69e90a1892fba74,D:\baseia_v3\corpus\Chain-optimazation-pscc-2002.pdf,Chain-optimazation-pscc-2002.pdf,Chain-optimazation-pscc-2002.pdf,0.1597,7.0,True,006_010,000_025mb,006_010|000_025mb|encrypted
25838861ddfa6206,25838861ddfa6206c82dc01c6fee23d2a592564c6924a1697c915a1f9dd81de2,D:\baseia_v3\corpus\GET17.pdf,GET17.pdf,GET17.pdf,0.1763,8.0,False,006_010,000_025mb,006_010|000_025mb|not_encrypted
df3d4339b028b1d9,df3d4339b028b1d9a887f26d677618bb75e4db772155204c3966f4a0f1536a9d,D:\baseia_v3\corpus\GMI23.pdf,GMI23.pdf,GMI23.pdf,0.1859,8.0,False,006_010,000_025mb,006_010|000_025mb|not_encrypted
f6fe04afeb14dfbe,f6fe04afeb14dfbe5da5cc8bfd87f750f4387e415d722d385822e15986a723dd,D:\baseia_v3\corpus\GOP  2.pdf,GOP  2.pdf,GOP  2.pdf,0.0857,8.0,False,006_010,000_025mb,006_010|000_025mb|not_encrypted
5b5b6712f845eea7,5b5b6712f845eea789c1b27ebe30f366b92ee0af0eb62c5cd1240247ed152761,D:\baseia_v3\corpus\A Gaussian Processes technique for short-term load forecasting with consideration of uncertainty; [A Gaussian Processes technique for short-term load [a2560b0d].pdf,A Gaussian Processes technique for short-term load forecasting with consideration of uncertainty; [A Gaussian Processes technique for short-term load [a2560b0d].pdf,A Gaussian Processes technique for short-term load forecasting with consideration of uncertainty; [A Gaussian Processes technique for short-term load [a2560b0d].pdf,0.6014,8.0,True,006_010,025_001mb,006_010|025_001mb|encrypted
dddd884b1439d722,dddd884b1439d722ba3a1d3f989df5d9e9238238e0ea6e82a9a3c87b6df6b380,D:\baseia_v3\corpus\GAE_0419.pdf,GAE_0419.pdf,GAE_0419.pdf,0.6866,9.0,False,006_010,025_001mb,006_010|025_001mb|not_encrypted
7451a4b6ca67e0f7,7451a4b6ca67e0f7da57c35deb3f10ee4132b8c358a975611172c6518f6ff5a4,D:\baseia_v3\corpus\GAT 25.pdf,GAT 25.pdf,GAT 25.pdf,0.3336,10.0,False,006_010,025_001mb,006_010|025_001mb|not_encrypted
74bfefa812175005,74bfefa81217500598d92eff0cb9142c61ba3d26c6cfe85d98f17d323efb2bba,D:\baseia_v3\corpus\GAT06.pdf,GAT06.pdf,GAT06.pdf,0.6149,8.0,False,006_010,025_001mb,006_010|025_001mb|not_encrypted
c2882c23e0fec74c,c2882c23e0fec74c59a863d3edac0380e729608642db46d19d95f9cdfab572dc,D:\baseia_v3\corpus\GAT07.pdf,GAT07.pdf,GAT07.pdf,0.7011,9.0,False,006_010,025_001mb,006_010|025_001mb|not_encrypted
b5e4d88cd5692770,b5e4d88cd5692770b17f713d398f649db8746ef5eadd5d0cbfa30cb1bda496aa,D:\baseia_v3\corpus\GAT15.pdf,GAT15.pdf,GAT15.pdf,0.6214,9.0,False,006_010,025_001mb,006_010|025_001mb|not_encrypted
9462cfb6c1ab2a2a,9462cfb6c1ab2a2abd8bdd68765116513308c1c10e940a6e0725a48bac446830,D:\baseia_v3\corpus\GAT_0845.pdf,GAT_0845.pdf,GAT_0845.pdf,0.6288,9.0,False,006_010,025_001mb,006_010|025_001mb|not_encrypted
946fa881c7dd8341,946fa881c7dd8341bc7883971c817a6d427973f266b57a31140fa5889847c033,D:\baseia_v3\corpus\GCR12.pdf,GCR12.pdf,GCR12.pdf,0.3547,7.0,False,006_010,025_001mb,006_010|025_001mb|not_encrypted
9b2e5cedbcf3bdca,9b2e5cedbcf3bdcaea66ae50feb9b6af3d5b0465cd54270aaed8815cf55d6a2a,D:\baseia_v3\corpus\GCR_0376.pdf,GCR_0376.pdf,GCR_0376.pdf,0.6012,9.0,False,006_010,025_001mb,006_010|025_001mb|not_encrypted
ddc583aa80df3de2,ddc583aa80df3de20bee1dadbf30d95b01e718f7e9e706a4fc92c5cdeed1a649,D:\baseia_v3\corpus\GDI-31.pdf,GDI-31.pdf,GDI-31.pdf,0.8075,9.0,False,006_010,025_001mb,006_010|025_001mb|not_encrypted
d4d3f18a6fc85185,d4d3f18a6fc85185b345201e385146c38abf164f115bfb259235a3c0b5af4d1b,D:\baseia_v3\corpus\GDS08.pdf,GDS08.pdf,GDS08.pdf,0.8398,8.0,False,006_010,025_001mb,006_010|025_001mb|not_encrypted
d9a4f1829f20f986,d9a4f1829f20f986552f9aefdb0839eedfa54f6ccb6671832d17d99eb757d803,D:\baseia_v3\corpus\GDS_0748.pdf,GDS_0748.pdf,GDS_0748.pdf,0.8998,9.0,False,006_010,025_001mb,006_010|025_001mb|not_encrypted
0a0f57e6addd7987,0a0f57e6addd7987cf6073cd7ac1e8372fc883c59a48023687dfca5a81b5a9df,D:\baseia_v3\corpus\GEC_0012.pdf,GEC_0012.pdf,GEC_0012.pdf,0.4248,9.0,False,006_010,025_001mb,006_010|025_001mb|not_encrypted
1804b1295ba95d54,1804b1295ba95d54229527e6e6946f6eecbba5d2178284fd173d23452b5743b2,D:\baseia_v3\corpus\GGH1.pdf,GGH1.pdf,GGH1.pdf,0.3606,7.0,False,006_010,025_001mb,006_010|025_001mb|not_encrypted
1eda56df0d39f2ca,1eda56df0d39f2ca0eba1726db2215f38a6c239033145ab78f229df977bb7d88,D:\baseia_v3\corpus\GGH9.pdf,GGH9.pdf,GGH9.pdf,0.8927,8.0,False,006_010,025_001mb,006_010|025_001mb|not_encrypted
f250360d4e75afc7,f250360d4e75afc76c42fa9778cf0513f4ac43b2712ac9e245e361a878453763,D:\baseia_v3\corpus\GGH_0320.pdf,GGH_0320.pdf,GGH_0320.pdf,0.8515,10.0,False,006_010,025_001mb,006_010|025_001mb|not_encrypted
7287d66be8689f84,7287d66be8689f8483520c06898e10f4cbe23f27b25d66a9964c4265a3c0b1b5,D:\baseia_v3\corpus\GIA30.pdf,GIA30.pdf,GIA30.pdf,0.4137,8.0,False,006_010,025_001mb,006_010|025_001mb|not_encrypted
d1b3b387fb758cdb,d1b3b387fb758cdb094b5cbd9c7e2e10dd9b8da5b2c3a9f0862df0ee0cd33376,D:\baseia_v3\corpus\GLT 28.pdf,GLT 28.pdf,GLT 28.pdf,0.6685,6.0,False,006_010,025_001mb,006_010|025_001mb|not_encrypted
01bcb00e543fd06c,01bcb00e543fd06c33a2d5fd21d37e2e9c72243c2cb5f91a4955932e8c1ae718,D:\baseia_v3\corpus\GLT_1332.pdf,GLT_1332.pdf,GLT_1332.pdf,0.7041,10.0,False,006_010,025_001mb,006_010|025_001mb|not_encrypted
6eb680ccc2de2053,6eb680ccc2de2053730be2f1a47783dd50bf73b9b89deddb48603cea915ba37d,D:\baseia_v3\corpus\GMA_0502.pdf,GMA_0502.pdf,GMA_0502.pdf,0.5778,10.0,False,006_010,025_001mb,006_010|025_001mb|not_encrypted
73d77f86e23cc143,73d77f86e23cc1437d9d1d154d2e1304b8d131f392c90a50034a51f4380290da,D:\baseia_v3\corpus\GMI29.pdf,GMI29.pdf,GMI29.pdf,0.8388,9.0,False,006_010,025_001mb,006_010|025_001mb|not_encrypted
2e99573bbfc9f497,2e99573bbfc9f49703ae4d536caaaa8c39e675abe40945f3deaab2e0249ca09a,D:\baseia_v3\corpus\GOP  3.pdf,GOP  3.pdf,GOP  3.pdf,0.4228,6.0,False,006_010,025_001mb,006_010|025_001mb|not_encrypted
a0558cd565596819,a0558cd565596819df4d72cb273ed0ad2304235129686d7e69785bbfd02d54d9,D:\baseia_v3\corpus\GOP_0316.pdf,GOP_0316.pdf,GOP_0316.pdf,0.9496,8.0,False,006_010,025_001mb,006_010|025_001mb|not_encrypted
8307134b0cf214d9,8307134b0cf214d9775417a6ea48d0f3e090c318890ad2501c20f467ae4e6988,D:\baseia_v3\corpus\GPC_1385.pdf,GPC_1385.pdf,GPC_1385.pdf,0.7487,10.0,False,006_010,025_001mb,006_010|025_001mb|not_encrypted
2767e20e7bf7a250,2767e20e7bf7a25008be371f9901d0aa73ccc18e38847fb4bef9346e9f2494bb,D:\baseia_v3\corpus\GPL27.pdf,GPL27.pdf,GPL27.pdf,0.8622,9.0,False,006_010,025_001mb,006_010|025_001mb|not_encrypted
f1fdc5ddedd83b23,f1fdc5ddedd83b2399c90ef9833fbf55dfc4ad03835762d7e5d47491fe09a76b,D:\baseia_v3\corpus\GPT15.pdf,GPT15.pdf,GPT15.pdf,0.6766,9.0,False,006_010,025_001mb,006_010|025_001mb|not_encrypted
ce83bf00df59dcfc,ce83bf00df59dcfc8f647856c35118ea2fbecb893c9357d576515b0fc09e5060,D:\baseia_v3\corpus\GPT23.pdf,GPT23.pdf,GPT23.pdf,0.8605,8.0,False,006_010,025_001mb,006_010|025_001mb|not_encrypted
966708430164ff8d,966708430164ff8d77d51ed83936bc26a704ea2a15371665908db6ed74fc4d9e,D:\baseia_v3\corpus\GPT27.pdf,GPT27.pdf,GPT27.pdf,0.6619,9.0,False,006_010,025_001mb,006_010|025_001mb|not_encrypted
4be28e29f1b965ed,4be28e29f1b965ed2b2e5b4049c43eefa7f4a753dca8f1ecc6a6d5e0b6cccc0f,D:\baseia_v3\corpus\GSE09.pdf,GSE09.pdf,GSE09.pdf,0.7829,8.0,False,006_010,025_001mb,006_010|025_001mb|not_encrypted
aefb3200c16367e1,aefb3200c16367e15c66b2be57c8c019978d6f4583ac76dced749ad19f085c4c,D:\baseia_v3\corpus\GSE15.pdf,GSE15.pdf,GSE15.pdf,0.6148,8.0,False,006_010,025_001mb,006_010|025_001mb|not_encrypted
7d16aff6ecef11aa,7d16aff6ecef11aac4fd6956214836f07e81505affaf89b709043c03716eff6d,D:\baseia_v3\corpus\GSE_0239.pdf,GSE_0239.pdf,GSE_0239.pdf,0.9873,10.0,False,006_010,025_001mb,006_010|025_001mb|not_encrypted
48f9cb339dd3c4cd,48f9cb339dd3c4cd5d59eaa5c0cfab5f29623945462b912fe6c82362bb59e1b7,D:\baseia_v3\corpus\GTL-12.pdf,GTL-12.pdf,GTL-12.pdf,0.6339,8.0,False,006_010,025_001mb,006_010|025_001mb|not_encrypted
153ff9c09ca994ca,153ff9c09ca994ca35b79fede481f1340c0a29b5a969a0be401e6aac5330606b,D:\baseia_v3\corpus\GTM10.pdf,GTM10.pdf,GTM10.pdf,0.6307,9.0,False,006_010,025_001mb,006_010|025_001mb|not_encrypted
85797afa50d3a49d,85797afa50d3a49d9dfd0c8910df2bc66e90f0190e5352eeb2b3e1574110846e,D:\baseia_v3\corpus\GAT-26.pdf,GAT-26.pdf,GAT-26.pdf,1.6654,9.0,False,006_010,001_005mb,006_010|001_005mb|not_encrypted
90956bc56668c772,90956bc56668c77241264e3ebe56cdb3ada72a21fdf3bb1ddf0c85c1e8d6783e,D:\baseia_v3\corpus\GAT_0606.pdf,GAT_0606.pdf,GAT_0606.pdf,2.0318,10.0,False,006_010,001_005mb,006_010|001_005mb|not_encrypted
90d74e349676936f,90d74e349676936fe04ef15ec74301b7851f3bd20486492a0e569f1ae7e66f87,D:\baseia_v3\corpus\GDI_0685.pdf,GDI_0685.pdf,GDI_0685.pdf,1.5285,9.0,False,006_010,001_005mb,006_010|001_005mb|not_encrypted
d3b452e365e97a7e,d3b452e365e97a7e3da7fba609a760fdaf2eb9559ee0a9db67d93887dcfae388,D:\baseia_v3\corpus\GDS 16.pdf,GDS 16.pdf,GDS 16.pdf,3.0204,8.0,False,006_010,001_005mb,006_010|001_005mb|not_encrypted
272099112834bdc3,272099112834bdc3e2ded7e24752d2a3006c92c44a28b233b31d4268c8204225,D:\baseia_v3\corpus\GDS 7.pdf,GDS 7.pdf,GDS 7.pdf,1.7256,7.0,False,006_010,001_005mb,006_010|001_005mb|not_encrypted
ef677025890e27a8,ef677025890e27a85b7fae91ab0d9bceed35889c0c5e1d28c1ed965d48fb06a5,D:\baseia_v3\corpus\GDS_0425.pdf,GDS_0425.pdf,GDS_0425.pdf,1.1962,9.0,False,006_010,001_005mb,006_010|001_005mb|not_encrypted
f249d1d5577f1dfc,f249d1d5577f1dfc456c25320755081002e54675d4c193988547d21d8a987a5e,D:\baseia_v3\corpus\GDS_1539.pdf,GDS_1539.pdf,GDS_1539.pdf,1.6976,9.0,False,006_010,001_005mb,006_010|001_005mb|not_encrypted
8b28eaab372d76d0,8b28eaab372d76d00af6043bfb8cb90025e80577119c0271394e5557cb823372,D:\baseia_v3\corpus\GES-24.pdf,GES-24.pdf,GES-24.pdf,1.3051,7.0,False,006_010,001_005mb,006_010|001_005mb|not_encrypted
f66fa755478bd3a9,f66fa755478bd3a9e6ae17e64ae98a58948929631b5afb9ab5c4aed1ff30c28a,D:\baseia_v3\corpus\GET 5.pdf,GET 5.pdf,GET 5.pdf,4.8556,8.0,False,006_010,001_005mb,006_010|001_005mb|not_encrypted
f33f0cd080434eb7,f33f0cd080434eb72a670ec6a771ba2d16abbfd92d66cbc5a7c960bac2d3bc8c,D:\baseia_v3\corpus\GGH  7.pdf,GGH  7.pdf,GGH  7.pdf,2.2922,8.0,False,006_010,001_005mb,006_010|001_005mb|not_encrypted
ce786e93290d48c3,ce786e93290d48c3297039cfcbe12238d1cdf71bb7563540f77a0b4c6e449c5f,D:\baseia_v3\corpus\GGT_1247.pdf,GGT_1247.pdf,GGT_1247.pdf,1.2042,10.0,False,006_010,001_005mb,006_010|001_005mb|not_encrypted
c79f387efc591d6c,c79f387efc591d6c810a01de0f81890cf6ac2c7687775cf0d1062cbe0f922812,"D:\baseia_v3\corpus\GMA-07,.pdf","GMA-07,.pdf","GMA-07,.pdf",2.0958,9.0,False,006_010,001_005mb,006_010|001_005mb|not_encrypted
231dd27bc4794574,231dd27bc4794574650edec10e2dd843446a97d482c46d1009614911924ca56a,D:\baseia_v3\corpus\GMA-28.pdf,GMA-28.pdf,GMA-28.pdf,1.6129,9.0,False,006_010,001_005mb,006_010|001_005mb|not_encrypted
679cf4e09dfe9d52,679cf4e09dfe9d520abdba9293a77d76d044ca94a2708fecb3c28ef5e8ab4b3e,D:\baseia_v3\corpus\GOP 7.pdf,GOP 7.pdf,GOP 7.pdf,1.7601,9.0,False,006_010,001_005mb,006_010|001_005mb|not_encrypted
e41356b97e5ee4ae,e41356b97e5ee4ae2976b4cfa78a2419da801b68775c3caf31d75a573873a2bf,D:\baseia_v3\corpus\GOP07.pdf,GOP07.pdf,GOP07.pdf,2.5492,10.0,False,006_010,001_005mb,006_010|001_005mb|not_encrypted
20af55418ce165a3,20af55418ce165a3640d4b3725ba44d01d8118a8015fbcc8cd210fee66878e14,D:\baseia_v3\corpus\GOP_0051.pdf,GOP_0051.pdf,GOP_0051.pdf,1.7381,10.0,False,006_010,001_005mb,006_010|001_005mb|not_encrypted
1268d0df656b9aa8,1268d0df656b9aa8161ada0355835e1b62f31f43d1b6ab775b7e293aeef8131b,D:\baseia_v3\corpus\GOP_0208.pdf,GOP_0208.pdf,GOP_0208.pdf,1.1423,9.0,False,006_010,001_005mb,006_010|001_005mb|not_encrypted
5af9095fad7512e6,5af9095fad7512e6d16c0206252219119b171a67f921d041170fe141a3c3ef7a,D:\baseia_v3\corpus\GOP_1359.pdf,GOP_1359.pdf,GOP_1359.pdf,1.1223,10.0,False,006_010,001_005mb,006_010|001_005mb|not_encrypted
60b34c9a7ab26e82,60b34c9a7ab26e82f269baf9f8059a0c5cca7644fce0e27652c85e31a2be3073,D:\baseia_v3\corpus\GOP_1361.pdf,GOP_1361.pdf,GOP_1361.pdf,1.4419,9.0,False,006_010,001_005mb,006_010|001_005mb|not_encrypted
ced3a5027d71b7bd,ced3a5027d71b7bd4f8a2bfe888e9a2fbcc167c40235209ca3e70b9b7b81ad94,D:\baseia_v3\corpus\GPL  3.pdf,GPL  3.pdf,GPL  3.pdf,1.2575,8.0,False,006_010,001_005mb,006_010|001_005mb|not_encrypted
5f7aaa00509b0237,5f7aaa00509b02377e3ddb4b27dd40aabc1e4a281f58dbc7ee6e6cf3c9c6dc1b,D:\baseia_v3\corpus\GPL 24.pdf,GPL 24.pdf,GPL 24.pdf,1.8121,9.0,False,006_010,001_005mb,006_010|001_005mb|not_encrypted
2a873b0ddb9f55a9,2a873b0ddb9f55a9277fdad01fea3fe8f24ec80fb19cf9cd86a180d97f8c976f,D:\baseia_v3\corpus\GPL 7.pdf,GPL 7.pdf,GPL 7.pdf,2.4672,9.0,False,006_010,001_005mb,006_010|001_005mb|not_encrypted
25eccc5ca422fe42,25eccc5ca422fe42ac653486c098764fe9da60cfce05023d03d0722752e2ec5b,D:\baseia_v3\corpus\GPL_1148.pdf,GPL_1148.pdf,GPL_1148.pdf,1.2821,9.0,False,006_010,001_005mb,006_010|001_005mb|not_encrypted
9a10a16b0b9adbfb,9a10a16b0b9adbfb7dc66235cabbb0ec80d737a00cb908ccd74ec0e1ebdc4767,D:\baseia_v3\corpus\GTM_0818.pdf,GTM_0818.pdf,GTM_0818.pdf,1.2661,9.0,False,006_010,001_005mb,006_010|001_005mb|not_encrypted
636b56efd7524170,636b56efd752417047db7d6965f95129010fcf2caca005215cd840056f26cf5e,D:\baseia_v3\corpus\GTM_1028.pdf,GTM_1028.pdf,GTM_1028.pdf,1.17,9.0,False,006_010,001_005mb,006_010|001_005mb|not_encrypted
7543b63c2dc03d34,7543b63c2dc03d34b1409d0af7db12dbe39089a29a8710d61b8215654a44af41,D:\baseia_v3\corpus\GTM_1606.pdf,GTM_1606.pdf,GTM_1606.pdf,1.2817,9.0,False,006_010,001_005mb,006_010|001_005mb|not_encrypted
b2199741655993c6,b2199741655993c64e71d1890c90477f75347317e381f1455f6c3f9b68a004ff,D:\baseia_v3\corpus\GTM_1645.pdf,GTM_1645.pdf,GTM_1645.pdf,1.2398,8.0,False,006_010,001_005mb,006_010|001_005mb|not_encrypted
cd695d2b17bff548,cd695d2b17bff5489a6d75d88d24cecdd02bd7a4f5ee7bbe2e360cd9a6ca0861,D:\baseia_v3\corpus\10.1109_LESCPE.2006.280375.pdf,10.1109_LESCPE.2006.280375.pdf,10.1109_LESCPE.2006.280375.pdf,5.8102,8.0,False,006_010,005_020mb,006_010|005_020mb|not_encrypted
0228e85f9f02cbeb,0228e85f9f02cbeb54ec69cb9548510d30866cdd936b1f58c976d5f57e0067df,D:\baseia_v3\corpus\GSE 28.pdf,GSE 28.pdf,GSE 28.pdf,5.5184,8.0,False,006_010,005_020mb,006_010|005_020mb|not_encrypted
50e0710c5bb5021b,50e0710c5bb5021be7bda67ef78c270dae2dc174756c4c8482cca7b30718b961,D:\baseia_v3\corpus\10.1002_nav.20185.pdf,10.1002_nav.20185.pdf,10.1002_nav.20185.pdf,0.2124,14.0,False,011_025,000_025mb,011_025|000_025mb|not_encrypted
cd0f5adcded12d52,cd0f5adcded12d52aeb44a4c709e366cb485b427ef681b721562d9583a9e3e78,D:\baseia_v3\corpus\10.1002_nml.246.pdf,10.1002_nml.246.pdf,10.1002_nml.246.pdf,0.1204,22.0,False,011_025,000_025mb,011_025|000_025mb|not_encrypted
55ef3eb54362aed7,55ef3eb54362aed753388199f078883c8326156d18490bd6696f11fd0aa38f27,D:\baseia_v3\corpus\10.1007_978-3-0348-0545-2_14.pdf,10.1007_978-3-0348-0545-2_14.pdf,10.1007_978-3-0348-0545-2_14.pdf,0.4112,24.0,False,011_025,025_001mb,011_025|025_001mb|not_encrypted
9ba708a8911a704d,9ba708a8911a704d8ebbbb6523f14528b1ae5b37ee3696926b4464704dea0a16,D:\baseia_v3\corpus\2017_31907_percepcoes-em-relacao-ao-profissional-contabil-inv.pdf,2017_31907_percepcoes-em-relacao-ao-profissional-contabil-inv.pdf,2017_31907_percepcoes-em-relacao-ao-profissional-contabil-inv.pdf,0.6947,18.0,False,011_025,025_001mb,011_025|025_001mb|not_encrypted
6f57ff55183d3bbb,6f57ff55183d3bbb6b28c4dce6b480befc4f6ccb43f073a09854380a5fb4cafd,D:\baseia_v3\corpus\2018_39295_eficiencia-na-aplicacao-dos-recursos-publicos-da-e.pdf,2018_39295_eficiencia-na-aplicacao-dos-recursos-publicos-da-e.pdf,2018_39295_eficiencia-na-aplicacao-dos-recursos-publicos-da-e.pdf,0.3967,22.0,False,011_025,025_001mb,011_025|025_001mb|not_encrypted
bf65efbbf68b6a45,bf65efbbf68b6a451f3830962ad4428261749d703179ab06bee6d66c4c20ca1c,D:\baseia_v3\corpus\2018_39296_gestao-de-custos-interorganizacionais-e-open-book.pdf,2018_39296_gestao-de-custos-interorganizacionais-e-open-book.pdf,2018_39296_gestao-de-custos-interorganizacionais-e-open-book.pdf,0.3429,18.0,False,011_025,025_001mb,011_025|025_001mb|not_encrypted
3e35e33d49059564,3e35e33d49059564c4b972851d0d4cd298b380e052fde78ad3048fec607820b5,D:\baseia_v3\corpus\2022_76215_planejamento-e-controle-da-qualidade-ambiental-uma.pdf,2022_76215_planejamento-e-controle-da-qualidade-ambiental-uma.pdf,2022_76215_planejamento-e-controle-da-qualidade-ambiental-uma.pdf,0.3856,23.0,False,011_025,025_001mb,011_025|025_001mb|not_encrypted
3276b64f1b94fcea,3276b64f1b94fceac38671a1370e08b7a2f81789f9abe067c76dbdae40fe4a34,D:\baseia_v3\corpus\2024_81571_o-caso-americanas-analise-da-fraude-sob-a-otica-da.pdf,2024_81571_o-caso-americanas-analise-da-fraude-sob-a-otica-da.pdf,2024_81571_o-caso-americanas-analise-da-fraude-sob-a-otica-da.pdf,0.9479,22.0,False,011_025,025_001mb,011_025|025_001mb|not_encrypted
87ccc2f91cf2d4af,87ccc2f91cf2d4af3433b6e0e1728675024c2be32ce2e572d3392708844a486b,D:\baseia_v3\corpus\2025_88772_accountability-e-transparencia-nos-tribunais-de-co.pdf,2025_88772_accountability-e-transparencia-nos-tribunais-de-co.pdf,2025_88772_accountability-e-transparencia-nos-tribunais-de-co.pdf,0.369,12.0,False,011_025,025_001mb,011_025|025_001mb|not_encrypted
b8f90f3851bc4eb2,b8f90f3851bc4eb208fc983657b1794172bb85d14e0cdc6ac3e8a36f9640df87,D:\baseia_v3\corpus\Analysis of an inteligent model to electricity trading in the short term for distribution company; [Análise de um modelo inteligente de contratação de [bd107ae3].pdf,Analysis of an inteligent model to electricity trading in the short term for distribution company; [Análise de um modelo inteligente de contratação de [bd107ae3].pdf,Analysis of an inteligent model to electricity trading in the short term for distribution company; [Análise de um modelo inteligente de contratação de [bd107ae3].pdf,0.6581,15.0,False,011_025,025_001mb,011_025|025_001mb|not_encrypted
2322d54ca96df196,2322d54ca96df196969e0ba6736f0b373088bdaff87e38050e55c6973a8edeed,D:\baseia_v3\corpus\GDS_1095.pdf,GDS_1095.pdf,GDS_1095.pdf,0.7295,13.0,False,011_025,025_001mb,011_025|025_001mb|not_encrypted
c2000455650ad5a3,c2000455650ad5a3827023de240fec9eb8b164b6a01c804493fa85d5def47e33,D:\baseia_v3\corpus\Large language model-driven time-series forecasting of financial network indicators [11c4c81a].pdf,Large language model-driven time-series forecasting of financial network indicators [11c4c81a].pdf,Large language model-driven time-series forecasting of financial network indicators [11c4c81a].pdf,0.8717,11.0,False,011_025,025_001mb,011_025|025_001mb|not_encrypted
8175f50170b815df,8175f50170b815df2fa18def4b7643db88baa737f008b59ef35fb32656d48181,D:\baseia_v3\corpus\10.1002_jae.1215.pdf,10.1002_jae.1215.pdf,10.1002_jae.1215.pdf,1.984,23.0,False,011_025,001_005mb,011_025|001_005mb|not_encrypted
f1c2733f3798d251,f1c2733f3798d251d7b829598e6219d834992608b14cb558977998074be8d1f0,D:\baseia_v3\corpus\10.1002_nav.20184.pdf,10.1002_nav.20184.pdf,10.1002_nav.20184.pdf,1.0288,16.0,False,011_025,001_005mb,011_025|001_005mb|not_encrypted
88eea3897e1b1931,88eea3897e1b193113fd82356acf06f9468d2b6fcaaaf9e25f960c3c463b3ba2,D:\baseia_v3\corpus\Analysis of the dynamics of the brazilian porward market of electricity; [Análise da Dinâmica do Mercado a Termo de Energia Elétrica no Brasil] [fe4c52ce].pdf,Analysis of the dynamics of the brazilian porward market of electricity; [Análise da Dinâmica do Mercado a Termo de Energia Elétrica no Brasil] [fe4c52ce].pdf,Analysis of the dynamics of the brazilian porward market of electricity; [Análise da Dinâmica do Mercado a Termo de Energia Elétrica no Brasil] [fe4c52ce].pdf,1.1836,21.0,True,011_025,001_005mb,011_025|001_005mb|encrypted
cd743435f88a0d1d,cd743435f88a0d1df4c81728960ef598346453f1462d7ced390ff567391fbde4,D:\baseia_v3\corpus\GGH-14.pdf,GGH-14.pdf,GGH-14.pdf,3.4009,14.0,False,011_025,001_005mb,011_025|001_005mb|not_encrypted
1f7e8ac95d5f13d5,1f7e8ac95d5f13d5475ce7848cfc17ec86faea76b2364b2876ba4d2911292bbe,D:\baseia_v3\corpus\GGT-31.pdf,GGT-31.pdf,GGT-31.pdf,2.1958,12.0,False,011_025,001_005mb,011_025|001_005mb|not_encrypted
b2b3430cb63905ba,b2b3430cb63905ba5c2584b976e72680de3a236ebd711d354c7055e123987d4e,D:\baseia_v3\corpus\GPL_0847.pdf,GPL_0847.pdf,GPL_0847.pdf,1.4054,11.0,False,011_025,001_005mb,011_025|001_005mb|not_encrypted
7513ccdfe1b7e404,7513ccdfe1b7e404a64f6037f7687edaabd4ace2fb64842aab0a9de716b2c3bf,D:\baseia_v3\corpus\GTL_0849.pdf,GTL_0849.pdf,GTL_0849.pdf,1.0952,11.0,False,011_025,001_005mb,011_025|001_005mb|not_encrypted
d7d747b73ebd9e85,d7d747b73ebd9e85ec61f3bbdee7228253f2a924d444d86451f5c2a61ab92804,D:\baseia_v3\corpus\Research on method of demand-side participating in grid interaction based on time-of-use pricing and coupon guidance [406cfa91].pdf,Research on method of demand-side participating in grid interaction based on time-of-use pricing and coupon guidance [406cfa91].pdf,Research on method of demand-side participating in grid interaction based on time-of-use pricing and coupon guidance [406cfa91].pdf,1.443,11.0,False,011_025,001_005mb,011_025|001_005mb|not_encrypted
0741486f21810069,0741486f21810069e6aba2336f4e0c50faf9e2d009caed4016be443f82f8571e,D:\baseia_v3\corpus\Using the Statistical Machine Learning Models ARIMA and SARIMA to Measure the Impact of Covid-19 on Official Provincial Sales of Cigarettes in Spain [06058211].pdf,Using the Statistical Machine Learning Models ARIMA and SARIMA to Measure the Impact of Covid-19 on Official Provincial Sales of Cigarettes in Spain [06058211].pdf,Using the Statistical Machine Learning Models ARIMA and SARIMA to Measure the Impact of Covid-19 on Official Provincial Sales of Cigarettes in Spain [06058211].pdf,3.5193,15.0,False,011_025,001_005mb,011_025|001_005mb|not_encrypted
bf1c2ba7787d9643,bf1c2ba7787d9643dd0961c6ad46dac7f51270c46469ee03e8a8ebd5a64a8a68,D:\baseia_v3\corpus\MP-Transformer_ A Hybrid Model Integrating Multi-Period ARIMA and Dynamically Gated Attention for Time-Series Forecasting [e297704b].pdf,MP-Transformer_ A Hybrid Model Integrating Multi-Period ARIMA and Dynamically Gated Attention for Time-Series Forecasting [e297704b].pdf,MP-Transformer_ A Hybrid Model Integrating Multi-Period ARIMA and Dynamically Gated Attention for Time-Series Forecasting [e297704b].pdf,7.4036,14.0,False,011_025,005_020mb,011_025|005_020mb|not_encrypted
15f36e97134df939,15f36e97134df939bc40eff79d6d6494b24f8620c43a761b54081482f77adbb0,D:\baseia_v3\corpus\10.1002_fut.10076.pdf,10.1002_fut.10076.pdf,10.1002_fut.10076.pdf,0.1659,26.0,False,026_050,000_025mb,026_050|000_025mb|not_encrypted
0b394b3a30856b44,0b394b3a30856b445cececf046cf1daa0db5b6af7a79e6ed9c2f07ba104204e7,D:\baseia_v3\corpus\A pricing measure to explain the risk premium in power markets [f948595e].pdf,A pricing measure to explain the risk premium in power markets [f948595e].pdf,A pricing measure to explain the risk premium in power markets [f948595e].pdf,0.4284,37.0,False,026_050,025_001mb,026_050|025_001mb|not_encrypted
c28b878f7b3c1380,c28b878f7b3c1380b5c5c4b2bda62007efa0ea95fde400980bc2732e9795fcae,D:\baseia_v3\corpus\CONTRATO ATUALIZADO 09 DEZ 2024-Manifesto-3.pdf,CONTRATO ATUALIZADO 09 DEZ 2024-Manifesto-3.pdf,CONTRATO ATUALIZADO 09 DEZ 2024-Manifesto-3.pdf,0.6082,33.0,True,026_050,025_001mb,026_050|025_001mb|encrypted
3455a5852eb32380,3455a5852eb323806edafb62be46e447b3fa376b448eed6c7bf4ed047c4af1ec,D:\baseia_v3\corpus\DETERMINANTS OF THE QUALITY OF FINANCIAL REPORTS; [DETERMINANTES DA QUALIDADE DOS RELATÓRIOS FINANCEIROS]; [DETERMINANTES DE LA CALIDAD DE LA INFORMAC [f666d9da].pdf,DETERMINANTS OF THE QUALITY OF FINANCIAL REPORTS; [DETERMINANTES DA QUALIDADE DOS RELATÓRIOS FINANCEIROS]; [DETERMINANTES DE LA CALIDAD DE LA INFORMAC [f666d9da].pdf,DETERMINANTS OF THE QUALITY OF FINANCIAL REPORTS; [DETERMINANTES DA QUALIDADE DOS RELATÓRIOS FINANCEIROS]; [DETERMINANTES DE LA CALIDAD DE LA INFORMAC [f666d9da].pdf,0.8702,40.0,False,026_050,025_001mb,026_050|025_001mb|not_encrypted
50c946c0a7b3b6fe,50c946c0a7b3b6fe768a1ea655e77a4cb3b165aea1d6a0c9c00bcf8c56b16090,D:\baseia_v3\corpus\EEM11_Proceedings.pdf,EEM11_Proceedings.pdf,EEM11_Proceedings.pdf,2.7947,43.0,False,026_050,001_005mb,026_050|001_005mb|not_encrypted
f3a008c6fd0614c2,f3a008c6fd0614c2304d2672e7287b8a6fdd1d71e0e02fc842d8255daa4ddb23,D:\baseia_v3\corpus\Electricity derivatives_ an application to the futures Italian market [dd983758].pdf,Electricity derivatives_ an application to the futures Italian market [dd983758].pdf,Electricity derivatives_ an application to the futures Italian market [dd983758].pdf,2.3019,30.0,False,026_050,001_005mb,026_050|001_005mb|not_encrypted
36bfa73779c46764,36bfa73779c46764e41ac3ad629b27827ff90bcb2a8f019779395d70889000f1,D:\baseia_v3\corpus\10.1002_fut.22204.pdf,10.1002_fut.22204.pdf,10.1002_fut.22204.pdf,5.4415,36.0,False,026_050,005_020mb,026_050|005_020mb|not_encrypted
e0e96035e3110a66,e0e96035e3110a66bca624463aa6f086bbdeba263bb80fb6aa80a0f0b7fc0f02,D:\baseia_v3\corpus\Chinese Management Studies_ A Matched-Samples Meta-Analysis and Focused Review of Indigenous Theories [c73c055c].pdf,Chinese Management Studies_ A Matched-Samples Meta-Analysis and Focused Review of Indigenous Theories [c73c055c].pdf,Chinese Management Studies_ A Matched-Samples Meta-Analysis and Focused Review of Indigenous Theories [c73c055c].pdf,0.6643,67.0,False,051_100,025_001mb,051_100|025_001mb|not_encrypted
356739f7d05d0a4d,356739f7d05d0a4dcefa415207ff5f2792f4fb0ac18261d812ad7a52bca39a91,D:\baseia_v3\corpus\Nilson Sa.pdf,Nilson Sa.pdf,Nilson Sa.pdf,0.7461,90.0,True,051_100,025_001mb,051_100|025_001mb|encrypted
915d807fe08e02c3,915d807fe08e02c3b6985f1d8d467ec497ad4789110ef9c4421629ff32729ffe,D:\baseia_v3\corpus\2020-00757.pdf,2020-00757.pdf,2020-00757.pdf,2.8177,74.0,True,051_100,001_005mb,051_100|001_005mb|encrypted
cbb8512c6a4a1109,cbb8512c6a4a1109ae4f20862a305d052ed13de8ec7bc63e903a91261cf59ba2,D:\baseia_v3\corpus\uerj_rede_sirius_resumo_roteiro_bdtd_atualizacoes_abnt.pdf,uerj_rede_sirius_resumo_roteiro_bdtd_atualizacoes_abnt.pdf,uerj_rede_sirius_resumo_roteiro_bdtd_atualizacoes_abnt.pdf,1.1991,63.0,False,051_100,001_005mb,051_100|001_005mb|not_encrypted
14973da14f0ca414,14973da14f0ca4141cf40027ed5901ed10bc8caaf8f1e14bf856ddcad71c16c7,D:\baseia_v3\corpus\An-Introduction-to-Machine-Learning-Interpretability-Second-Edition.pdf,An-Introduction-to-Machine-Learning-Interpretability-Second-Edition.pdf,An-Introduction-to-Machine-Learning-Interpretability-Second-Edition.pdf,14.2897,62.0,False,051_100,005_020mb,051_100|005_020mb|not_encrypted
d1b827239199ffb9,d1b827239199ffb94b9d5f99555fcac3cb914942a05eaca86ca3859dd2dc9097,D:\baseia_v3\corpus\DataOps A Complete Guide - 2019 Edition by Gerardus Blokdyk (z-lib.org).pdf,DataOps A Complete Guide - 2019 Edition by Gerardus Blokdyk (z-lib.org).pdf,DataOps A Complete Guide - 2019 Edition by Gerardus Blokdyk (z-lib.org).pdf,0.9704,117.0,False,101_250,025_001mb,101_250|025_001mb|not_encrypted
24cd9beb19f3250e,24cd9beb19f3250ef20696b3fe6b7ccb52cd694ccf263a1df3899349647ba96b,"D:\baseia_v3\corpus\Learning to Love Data Science Explorations of Emerging Technologies and Platforms for Predictive Analytics, Machine Learning, Digital Manufacturing and Supply Chain Optimization by Mike Barlow.pdf","Learning to Love Data Science Explorations of Emerging Technologies and Platforms for Predictive Analytics, Machine Learning, Digital Manufacturing and Supply Chain Optimization by Mike Barlow.pdf","Learning to Love Data Science Explorations of Emerging Technologies and Platforms for Predictive Analytics, Machine Learning, Digital Manufacturing and Supply Chain Optimization by Mike Barlow.pdf",2.266,159.0,False,101_250,001_005mb,101_250|001_005mb|not_encrypted
05a6c5c6dfa89d21,05a6c5c6dfa89d215a09b0d14a68cbf5794609f62ab55e6d0ec9b90e8c6381df,D:\baseia_v3\corpus\LittleInferenceBook.pdf,LittleInferenceBook.pdf,LittleInferenceBook.pdf,2.6449,124.0,False,101_250,001_005mb,101_250|001_005mb|not_encrypted
8b8549413e267fcc,8b8549413e267fccc74e8f2cb572caebb97ae314d6be225b0c09f162b9797d36,D:\baseia_v3\corpus\2014_Book_PythonProgrammingFundamentals.pdf,2014_Book_PythonProgrammingFundamentals.pdf,2014_Book_PythonProgrammingFundamentals.pdf,7.0666,241.0,False,101_250,005_020mb,101_250|005_020mb|not_encrypted
9cf216ec084a0858,9cf216ec084a085814cbce11d08294cfd0f609a8faff88f1e775d4c7802e4985,D:\baseia_v3\corpus\100StatisticalTests.pdf,100StatisticalTests.pdf,100StatisticalTests.pdf,0.891,257.0,False,251_plus,025_001mb,251_plus|025_001mb|not_encrypted
6173f0ddb7226fa4,6173f0ddb7226fa45105907efc419d73c46f41e749fe2ffdd583bbf85c8bc743,D:\baseia_v3\corpus\Foundations of Data Science.pdf,Foundations of Data Science.pdf,Foundations of Data Science.pdf,2.2388,439.0,False,251_plus,001_005mb,251_plus|001_005mb|not_encrypted
9b67c7c30579a353,9b67c7c30579a3534c58119ed22b4660e7c5259c9792f017cd3aeba7aaae9fcb,"D:\baseia_v3\corpus\Introduction to Statistical Thinking (With R, Without Calculus).pdf","Introduction to Statistical Thinking (With R, Without Calculus).pdf","Introduction to Statistical Thinking (With R, Without Calculus).pdf",4.0715,324.0,False,251_plus,001_005mb,251_plus|001_005mb|not_encrypted
48469abb82dba672,48469abb82dba6727d79e257d68b317785fc2ffe191aca60433a14d432ba3e54,D:\baseia_v3\corpus\10.1002_14651858.CD012292.pub2.pdf,10.1002_14651858.CD012292.pub2.pdf,10.1002_14651858.CD012292.pub2.pdf,6.6598,329.0,False,251_plus,005_020mb,251_plus|005_020mb|not_encrypted
20e67b6eabccdc2e,20e67b6eabccdc2e0992c1e80701b5e98eb7d8aea7c6f99915c36c85a2e311cf,D:\baseia_v3\corpus\TensorFlow in 1 Day Make your own Neural Network by Krishna Rungta (z-lib.org).pdf,TensorFlow in 1 Day Make your own Neural Network by Krishna Rungta (z-lib.org).pdf,TensorFlow in 1 Day Make your own Neural Network by Krishna Rungta (z-lib.org).pdf,13.0887,449.0,False,251_plus,005_020mb,251_plus|005_020mb|not_encrypted
cf4b1adc2920927f,cf4b1adc2920927feaccd76ee1d2cbfb2b4222a2a7c51064e722a44ee070516d,"D:\baseia_v3\corpus\The Book of Why The New Science of Cause and Effect by Judea Pearl, Dana Mackenzie (z-lib.org).pdf","The Book of Why The New Science of Cause and Effect by Judea Pearl, Dana Mackenzie (z-lib.org).pdf","The Book of Why The New Science of Cause and Effect by Judea Pearl, Dana Mackenzie (z-lib.org).pdf",7.2677,402.0,False,251_plus,005_020mb,251_plus|005_020mb|not_encrypted
c154a8cf8677459b,c154a8cf8677459bd5d8fa7ba2af05bd6bb3d554c913eb8616df53e778a835e5,"D:\baseia_v3\corpus\Data-Driven Science and Engineering Machine Learning, Dynamical Systems, and Control by Steven L. Brunton, J. Nathan Kutz (z-lib.org).pdf","Data-Driven Science and Engineering Machine Learning, Dynamical Systems, and Control by Steven L. Brunton, J. Nathan Kutz (z-lib.org).pdf","Data-Driven Science and Engineering Machine Learning, Dynamical Systems, and Control by Steven L. Brunton, J. Nathan Kutz (z-lib.org).pdf",72.7336,495.0,False,251_plus,020_100mb,251_plus|020_100mb|not_encrypted
c60c2ef310513e34,c60c2ef310513e34cc91a582767b3b11818678b13a8fee6779bd864be0545ee4,"D:\baseia_v3\corpus\Deep Learning A Practitioners Approach by J. Patterson, A. Gibson (z-lib.org).pdf","Deep Learning A Practitioners Approach by J. Patterson, A. Gibson (z-lib.org).pdf","Deep Learning A Practitioners Approach by J. Patterson, A. Gibson (z-lib.org).pdf",27.1899,532.0,False,251_plus,020_100mb,251_plus|020_100mb|not_encrypted
