document_position,document_id,sha256,filename,path,page_count,size_mb,pod_number,api_url,backend,status,return_code,started_at,completed_at,duration_seconds,output_dir,log_path,generated_files,error,seconds_per_page
0,dd9a0ad9cbad7321,dd9a0ad9cbad73216c444a26be38a5438c6a8428342a9c4d90ed867b75e81781,metadata_williamson_1999_bureaucracies.pdf,D:\baseia_v3\corpus\metadata_williamson_1999_bureaucracies.pdf,1.0,0.0025,1,https://00e1vcjtxavr7w-8000.proxy.runpod.net,pipeline,error,1,2026-07-28T09:03:54.014562+00:00,2026-07-28T09:04:16.042829+00:00,22.028,D:\baseia_v3\artifacts\mineru\worker_benchmark\workers_03\documents\dd9a0ad9cbad7321,D:\baseia_v3\artifacts\mineru\worker_benchmark\workers_03\documents\dd9a0ad9cbad7321\mineru.log,1,,22.028
1,4a9063205fe01dcd,4a9063205fe01dcde5109f7d14c338f4005a429c27ff53c31f7cf97bfe648841,Risk-Sharing Contracts and risk management of bilateral contracting in electricity markets [59cd38ef].pdf,D:\baseia_v3\corpus\Risk-Sharing Contracts and risk management of bilateral contracting in electricity markets [59cd38ef].pdf,1.0,0.906,2,https://8wddd5b6crg0c3-8000.proxy.runpod.net,pipeline,error,1,2026-07-28T09:03:54.014562+00:00,2026-07-28T09:04:17.763199+00:00,23.748,D:\baseia_v3\artifacts\mineru\worker_benchmark\workers_03\documents\4a9063205fe01dcd,D:\baseia_v3\artifacts\mineru\worker_benchmark\workers_03\documents\4a9063205fe01dcd\mineru.log,1,,23.748
2,64fde0a612b00eda,64fde0a612b00eda1caf1ee45f4711d9d69cb182481f26caf90528bc42fc3775,New approach to financial time series forecasting - Quantum minimization regularizing BWGC and NGARCH composite model [b94dcebb].pdf,D:\baseia_v3\corpus\New approach to financial time series forecasting - Quantum minimization regularizing BWGC and NGARCH composite model [b94dcebb].pdf,4.0,0.2299,3,https://0zgf7sp4qhvuc7-8000.proxy.runpod.net,pipeline,error,1,2026-07-28T09:03:54.015564+00:00,2026-07-28T09:04:16.453771+00:00,22.438,D:\baseia_v3\artifacts\mineru\worker_benchmark\workers_03\documents\64fde0a612b00eda,D:\baseia_v3\artifacts\mineru\worker_benchmark\workers_03\documents\64fde0a612b00eda\mineru.log,1,,5.6095
3,c01077e63ee98d45,c01077e63ee98d459d6b834d323f29320b83174cc21032d600ee5dc9d13e8487,uerj_rede_sirius_procedimentos_bdtd.pdf,D:\baseia_v3\corpus\uerj_rede_sirius_procedimentos_bdtd.pdf,3.0,0.0423,1,https://00e1vcjtxavr7w-8000.proxy.runpod.net,pipeline,error,1,2026-07-28T09:04:16.046288+00:00,2026-07-28T09:04:35.748797+00:00,19.702,D:\baseia_v3\artifacts\mineru\worker_benchmark\workers_03\documents\c01077e63ee98d45,D:\baseia_v3\artifacts\mineru\worker_benchmark\workers_03\documents\c01077e63ee98d45\mineru.log,1,,6.5673
4,169ba37b912aa8dd,169ba37b912aa8ddf44315dce0edf8e7670219d53d515482c09005a680c03de7,GTL_0081.pdf,D:\baseia_v3\corpus\GTL_0081.pdf,5.0,0.9256,2,https://8wddd5b6crg0c3-8000.proxy.runpod.net,pipeline,error,1,2026-07-28T09:04:17.765200+00:00,2026-07-28T09:04:38.498748+00:00,20.734,D:\baseia_v3\artifacts\mineru\worker_benchmark\workers_03\documents\169ba37b912aa8dd,D:\baseia_v3\artifacts\mineru\worker_benchmark\workers_03\documents\169ba37b912aa8dd\mineru.log,1,,4.1468
5,25995c5653354c19,25995c5653354c1997d98ff339bc05a47431b783d45c937664bdc3779303576d,GTL_1171.pdf,D:\baseia_v3\corpus\GTL_1171.pdf,5.0,0.837,3,https://0zgf7sp4qhvuc7-8000.proxy.runpod.net,pipeline,error,1,2026-07-28T09:04:17.767200+00:00,2026-07-28T09:04:38.682824+00:00,20.915,D:\baseia_v3\artifacts\mineru\worker_benchmark\workers_03\documents\25995c5653354c19,D:\baseia_v3\artifacts\mineru\worker_benchmark\workers_03\documents\25995c5653354c19\mineru.log,1,,4.183
6,5eb3bbfd573073cc,5eb3bbfd573073cc49b9b5ac135a58be4692befc417359df3319a799eb958fc0,GAE_0970.pdf,D:\baseia_v3\corpus\GAE_0970.pdf,5.0,1.1228,1,https://00e1vcjtxavr7w-8000.proxy.runpod.net,pipeline,error,1,2026-07-28T09:04:35.752810+00:00,2026-07-28T09:04:56.679967+00:00,20.927,D:\baseia_v3\artifacts\mineru\worker_benchmark\workers_03\documents\5eb3bbfd573073cc,D:\baseia_v3\artifacts\mineru\worker_benchmark\workers_03\documents\5eb3bbfd573073cc\mineru.log,1,,4.1854
7,035ca90614af2355,035ca90614af235551917e2fa5297d091092bf8b79eea6a8581ad84d55be0904,10.1080_096031096334006.pdf,D:\baseia_v3\corpus\10.1080_096031096334006.pdf,8.0,0.1565,2,https://8wddd5b6crg0c3-8000.proxy.runpod.net,pipeline,error,1,2026-07-28T09:04:38.503749+00:00,2026-07-28T09:04:58.802352+00:00,20.298,D:\baseia_v3\artifacts\mineru\worker_benchmark\workers_03\documents\035ca90614af2355,D:\baseia_v3\artifacts\mineru\worker_benchmark\workers_03\documents\035ca90614af2355\mineru.log,1,,2.5372
8,0033d9791d44daff,0033d9791d44daff6c0fb83a1cadd1f38f545ac968f6014fe69e90a1892fba74,Chain-optimazation-pscc-2002.pdf,D:\baseia_v3\corpus\Chain-optimazation-pscc-2002.pdf,7.0,0.1597,3,https://0zgf7sp4qhvuc7-8000.proxy.runpod.net,pipeline,error,1,2026-07-28T09:04:38.686492+00:00,2026-07-28T09:04:59.364269+00:00,20.677,D:\baseia_v3\artifacts\mineru\worker_benchmark\workers_03\documents\0033d9791d44daff,D:\baseia_v3\artifacts\mineru\worker_benchmark\workers_03\documents\0033d9791d44daff\mineru.log,1,,2.9539
9,25838861ddfa6206,25838861ddfa6206c82dc01c6fee23d2a592564c6924a1697c915a1f9dd81de2,GET17.pdf,D:\baseia_v3\corpus\GET17.pdf,8.0,0.1763,1,https://00e1vcjtxavr7w-8000.proxy.runpod.net,pipeline,error,1,2026-07-28T09:04:56.683968+00:00,2026-07-28T09:05:15.966244+00:00,19.282,D:\baseia_v3\artifacts\mineru\worker_benchmark\workers_03\documents\25838861ddfa6206,D:\baseia_v3\artifacts\mineru\worker_benchmark\workers_03\documents\25838861ddfa6206\mineru.log,1,,2.4103
10,df3d4339b028b1d9,df3d4339b028b1d9a887f26d677618bb75e4db772155204c3966f4a0f1536a9d,GMI23.pdf,D:\baseia_v3\corpus\GMI23.pdf,8.0,0.1859,2,https://8wddd5b6crg0c3-8000.proxy.runpod.net,pipeline,error,1,2026-07-28T09:04:58.807352+00:00,2026-07-28T09:05:18.640348+00:00,19.833,D:\baseia_v3\artifacts\mineru\worker_benchmark\workers_03\documents\df3d4339b028b1d9,D:\baseia_v3\artifacts\mineru\worker_benchmark\workers_03\documents\df3d4339b028b1d9\mineru.log,1,,2.4791
11,f6fe04afeb14dfbe,f6fe04afeb14dfbe5da5cc8bfd87f750f4387e415d722d385822e15986a723dd,GOP  2.pdf,D:\baseia_v3\corpus\GOP  2.pdf,8.0,0.0857,3,https://0zgf7sp4qhvuc7-8000.proxy.runpod.net,pipeline,error,1,2026-07-28T09:04:59.367269+00:00,2026-07-28T09:05:19.445160+00:00,20.077,D:\baseia_v3\artifacts\mineru\worker_benchmark\workers_03\documents\f6fe04afeb14dfbe,D:\baseia_v3\artifacts\mineru\worker_benchmark\workers_03\documents\f6fe04afeb14dfbe\mineru.log,1,,2.5096
12,5b5b6712f845eea7,5b5b6712f845eea789c1b27ebe30f366b92ee0af0eb62c5cd1240247ed152761,A Gaussian Processes technique for short-term load forecasting with consideration of uncertainty; [A Gaussian Processes technique for short-term load [a2560b0d].pdf,D:\baseia_v3\corpus\A Gaussian Processes technique for short-term load forecasting with consideration of uncertainty; [A Gaussian Processes technique for short-term load [a2560b0d].pdf,8.0,0.6014,1,https://00e1vcjtxavr7w-8000.proxy.runpod.net,pipeline,error,1,2026-07-28T09:05:15.969882+00:00,2026-07-28T09:05:35.438336+00:00,19.469,D:\baseia_v3\artifacts\mineru\worker_benchmark\workers_03\documents\5b5b6712f845eea7,D:\baseia_v3\artifacts\mineru\worker_benchmark\workers_03\documents\5b5b6712f845eea7\mineru.log,1,,2.4336
13,dddd884b1439d722,dddd884b1439d722ba3a1d3f989df5d9e9238238e0ea6e82a9a3c87b6df6b380,GAE_0419.pdf,D:\baseia_v3\corpus\GAE_0419.pdf,9.0,0.6866,2,https://8wddd5b6crg0c3-8000.proxy.runpod.net,pipeline,error,1,2026-07-28T09:05:18.643353+00:00,2026-07-28T09:05:39.070277+00:00,20.427,D:\baseia_v3\artifacts\mineru\worker_benchmark\workers_03\documents\dddd884b1439d722,D:\baseia_v3\artifacts\mineru\worker_benchmark\workers_03\documents\dddd884b1439d722\mineru.log,1,,2.2697
14,7451a4b6ca67e0f7,7451a4b6ca67e0f7da57c35deb3f10ee4132b8c358a975611172c6518f6ff5a4,GAT 25.pdf,D:\baseia_v3\corpus\GAT 25.pdf,10.0,0.3336,3,https://0zgf7sp4qhvuc7-8000.proxy.runpod.net,pipeline,error,1,2026-07-28T09:05:19.449160+00:00,2026-07-28T09:05:39.518125+00:00,20.069,D:\baseia_v3\artifacts\mineru\worker_benchmark\workers_03\documents\7451a4b6ca67e0f7,D:\baseia_v3\artifacts\mineru\worker_benchmark\workers_03\documents\7451a4b6ca67e0f7\mineru.log,1,,2.0069
15,74bfefa812175005,74bfefa81217500598d92eff0cb9142c61ba3d26c6cfe85d98f17d323efb2bba,GAT06.pdf,D:\baseia_v3\corpus\GAT06.pdf,8.0,0.6149,1,https://00e1vcjtxavr7w-8000.proxy.runpod.net,pipeline,error,1,2026-07-28T09:05:35.442339+00:00,2026-07-28T09:05:55.861670+00:00,20.42,D:\baseia_v3\artifacts\mineru\worker_benchmark\workers_03\documents\74bfefa812175005,D:\baseia_v3\artifacts\mineru\worker_benchmark\workers_03\documents\74bfefa812175005\mineru.log,1,,2.5525
16,c2882c23e0fec74c,c2882c23e0fec74c59a863d3edac0380e729608642db46d19d95f9cdfab572dc,GAT07.pdf,D:\baseia_v3\corpus\GAT07.pdf,9.0,0.7011,2,https://8wddd5b6crg0c3-8000.proxy.runpod.net,pipeline,error,1,2026-07-28T09:05:39.073277+00:00,2026-07-28T09:05:58.809919+00:00,19.737,D:\baseia_v3\artifacts\mineru\worker_benchmark\workers_03\documents\c2882c23e0fec74c,D:\baseia_v3\artifacts\mineru\worker_benchmark\workers_03\documents\c2882c23e0fec74c\mineru.log,1,,2.193
17,b5e4d88cd5692770,b5e4d88cd5692770b17f713d398f649db8746ef5eadd5d0cbfa30cb1bda496aa,GAT15.pdf,D:\baseia_v3\corpus\GAT15.pdf,9.0,0.6214,3,https://0zgf7sp4qhvuc7-8000.proxy.runpod.net,pipeline,error,1,2026-07-28T09:05:39.522125+00:00,2026-07-28T09:05:59.678089+00:00,20.156,D:\baseia_v3\artifacts\mineru\worker_benchmark\workers_03\documents\b5e4d88cd5692770,D:\baseia_v3\artifacts\mineru\worker_benchmark\workers_03\documents\b5e4d88cd5692770\mineru.log,1,,2.2396
18,9462cfb6c1ab2a2a,9462cfb6c1ab2a2abd8bdd68765116513308c1c10e940a6e0725a48bac446830,GAT_0845.pdf,D:\baseia_v3\corpus\GAT_0845.pdf,9.0,0.6288,1,https://00e1vcjtxavr7w-8000.proxy.runpod.net,pipeline,error,1,2026-07-28T09:05:55.878458+00:00,2026-07-28T09:06:15.005876+00:00,19.127,D:\baseia_v3\artifacts\mineru\worker_benchmark\workers_03\documents\9462cfb6c1ab2a2a,D:\baseia_v3\artifacts\mineru\worker_benchmark\workers_03\documents\9462cfb6c1ab2a2a\mineru.log,1,,2.1252
19,946fa881c7dd8341,946fa881c7dd8341bc7883971c817a6d427973f266b57a31140fa5889847c033,GCR12.pdf,D:\baseia_v3\corpus\GCR12.pdf,7.0,0.3547,2,https://8wddd5b6crg0c3-8000.proxy.runpod.net,pipeline,error,1,2026-07-28T09:05:58.813789+00:00,2026-07-28T09:06:18.351025+00:00,19.537,D:\baseia_v3\artifacts\mineru\worker_benchmark\workers_03\documents\946fa881c7dd8341,D:\baseia_v3\artifacts\mineru\worker_benchmark\workers_03\documents\946fa881c7dd8341\mineru.log,1,,2.791
20,9b2e5cedbcf3bdca,9b2e5cedbcf3bdcaea66ae50feb9b6af3d5b0465cd54270aaed8815cf55d6a2a,GCR_0376.pdf,D:\baseia_v3\corpus\GCR_0376.pdf,9.0,0.6012,3,https://0zgf7sp4qhvuc7-8000.proxy.runpod.net,pipeline,error,1,2026-07-28T09:05:59.682120+00:00,2026-07-28T09:06:19.350320+00:00,19.668,D:\baseia_v3\artifacts\mineru\worker_benchmark\workers_03\documents\9b2e5cedbcf3bdca,D:\baseia_v3\artifacts\mineru\worker_benchmark\workers_03\documents\9b2e5cedbcf3bdca\mineru.log,1,,2.1853
21,ddc583aa80df3de2,ddc583aa80df3de20bee1dadbf30d95b01e718f7e9e706a4fc92c5cdeed1a649,GDI-31.pdf,D:\baseia_v3\corpus\GDI-31.pdf,9.0,0.8075,1,https://00e1vcjtxavr7w-8000.proxy.runpod.net,pipeline,error,1,2026-07-28T09:06:15.009206+00:00,2026-07-28T09:06:34.321938+00:00,19.313,D:\baseia_v3\artifacts\mineru\worker_benchmark\workers_03\documents\ddc583aa80df3de2,D:\baseia_v3\artifacts\mineru\worker_benchmark\workers_03\documents\ddc583aa80df3de2\mineru.log,1,,2.1459
22,d4d3f18a6fc85185,d4d3f18a6fc85185b345201e385146c38abf164f115bfb259235a3c0b5af4d1b,GDS08.pdf,D:\baseia_v3\corpus\GDS08.pdf,8.0,0.8398,2,https://8wddd5b6crg0c3-8000.proxy.runpod.net,pipeline,error,1,2026-07-28T09:06:18.355025+00:00,2026-07-28T09:06:37.826363+00:00,19.472,D:\baseia_v3\artifacts\mineru\worker_benchmark\workers_03\documents\d4d3f18a6fc85185,D:\baseia_v3\artifacts\mineru\worker_benchmark\workers_03\documents\d4d3f18a6fc85185\mineru.log,1,,2.434
23,d9a4f1829f20f986,d9a4f1829f20f986552f9aefdb0839eedfa54f6ccb6671832d17d99eb757d803,GDS_0748.pdf,D:\baseia_v3\corpus\GDS_0748.pdf,9.0,0.8998,3,https://0zgf7sp4qhvuc7-8000.proxy.runpod.net,pipeline,error,1,2026-07-28T09:06:19.354324+00:00,2026-07-28T09:06:39.153404+00:00,19.799,D:\baseia_v3\artifacts\mineru\worker_benchmark\workers_03\documents\d9a4f1829f20f986,D:\baseia_v3\artifacts\mineru\worker_benchmark\workers_03\documents\d9a4f1829f20f986\mineru.log,1,,2.1999
