filename,block_collection,block_index,block_type,level,score,line_count,span_count,x0,y0,x1,y1,text
GDI_0685.pdf,discarded_blocks,1,header,,0.9276,4,4,66.0,34.0,250.0,76.0,XXVII Seminário Nacional de Produção e Transmissão de Energia Elétrica XXVIISNPTEE
GDI_0685.pdf,discarded_blocks,2,header,,0.8573,2,2,497.0,39.0,525.0,67.0,0685 GDI/7
GDI_0685.pdf,para_blocks,3,title,1.0,0.9462,1,1,164.0,136.0,425.0,149.0,GRUPO DE ESTUDO DE SISTEMAS DE DISTRIBUIÇÃO - GDI
GDI_0685.pdf,preproc_blocks,3,title,1.0,0.9462,1,1,164.0,136.0,425.0,149.0,GRUPO DE ESTUDO DE SISTEMAS DE DISTRIBUIÇÃO - GDI
GDI_0685.pdf,para_blocks,4,title,1.0,0.9652,2,2,74.0,167.0,515.0,190.0,DESENVOLVIMENTO DE CAMINHÃO ELÉTRICO PARA UTILIZAÇÃO EM MANUTENÇÃO EM REDES DE DISTRIBUIÇÃO DE BAIXA TENSÃO
GDI_0685.pdf,preproc_blocks,4,title,1.0,0.9652,2,2,74.0,167.0,515.0,190.0,DESENVOLVIMENTO DE CAMINHÃO ELÉTRICO PARA UTILIZAÇÃO EM MANUTENÇÃO EM REDES DE DISTRIBUIÇÃO DE BAIXA TENSÃO
GDI_0685.pdf,para_blocks,5,list,,0.7053,5,5,69.0,209.0,516.0,263.0,ANA PAULA OENING (1); SIGNIE LAUREANO FRANÇA SANTOS (1); NATAN BARBIZAN (2); LEONARDO LOMBARDO FERREIRA (2); EDEMIR LUIZ KOWALSKI (1); GUILHERME RACHELLE HERNASKI (1); EDUARDO CASARIN (3); AMANDA CORTEZ (3) INSTITUTO DE TECNOLOGIA PARA O DESENVOLVIMENTO (1); BYD DO BRASIL LTDA (2); ELEKTRO REDES S.A. (3)
GDI_0685.pdf,preproc_blocks,5,text,,0.7053,5,5,69.0,209.0,516.0,263.0,ANA PAULA OENING (1); SIGNIE LAUREANO FRANÇA SANTOS (1); NATAN BARBIZAN (2); LEONARDO LOMBARDO FERREIRA (2); EDEMIR LUIZ KOWALSKI (1); GUILHERME RACHELLE HERNASKI (1); EDUARDO CASARIN (3); AMANDA CORTEZ (3) INSTITUTO DE TECNOLOGIA PARA O DESENVOLVIMENTO (1); BYD DO BRASIL LTDA (2); ELEKTRO REDES S.A. (3)
GDI_0685.pdf,para_blocks,6,title,2.0,0.9274,1,1,65.0,281.0,109.0,293.0,RESUMO
GDI_0685.pdf,preproc_blocks,6,title,2.0,0.9274,1,1,65.0,281.0,109.0,293.0,RESUMO
GDI_0685.pdf,para_blocks,7,abstract,,0.9682,5,5,64.0,298.0,533.0,352.0,"Neste trabalho é apresentado o desenvolvimento de um caminhão elétrico para serviços de manutenção em redes de distribuição de energia elétrica, incluindo todas as adaptações necessárias para a inclusão de cesto aéreo e sistema seguro e eficiente para recargas de oportunidade do veículo na própria rede de distribuição da concessionária. O desenvolvimento foi realizado no âmbito do programa de P&D ANEEL dentro da Chamada Estratégica nº 22/2018 que teve como intuito impulsionar a mobilidade elétrica no país."
GDI_0685.pdf,preproc_blocks,7,abstract,,0.9682,5,5,64.0,298.0,533.0,352.0,"Neste trabalho é apresentado o desenvolvimento de um caminhão elétrico para serviços de manutenção em redes de distribuição de energia elétrica, incluindo todas as adaptações necessárias para a inclusão de cesto aéreo e sistema seguro e eficiente para recargas de oportunidade do veículo na própria rede de distribuição da concessionária. O desenvolvimento foi realizado no âmbito do programa de P&D ANEEL dentro da Chamada Estratégica nº 22/2018 que teve como intuito impulsionar a mobilidade elétrica no país."
GDI_0685.pdf,para_blocks,8,title,2.0,0.9336,1,1,65.0,366.0,150.0,378.0,PALAVRAS-CHAVE
GDI_0685.pdf,preproc_blocks,8,title,2.0,0.9336,1,1,65.0,366.0,150.0,378.0,PALAVRAS-CHAVE
GDI_0685.pdf,para_blocks,9,text,,0.9438,1,1,65.0,382.0,417.0,395.0,Mobilidade elétrica; veículo elétrico; serviços de manutenção; recarga de oportunidade.
GDI_0685.pdf,preproc_blocks,9,text,,0.9438,1,1,65.0,382.0,417.0,395.0,Mobilidade elétrica; veículo elétrico; serviços de manutenção; recarga de oportunidade.
GDI_0685.pdf,para_blocks,10,title,2.0,0.9376,1,1,66.0,403.0,145.0,415.0,1.0 INTRODUÇÃO
GDI_0685.pdf,preproc_blocks,10,title,2.0,0.9376,1,1,66.0,403.0,145.0,415.0,1.0 INTRODUÇÃO
GDI_0685.pdf,para_blocks,11,text,,0.9876,8,8,64.0,420.0,533.0,505.0,"Em 2018 foi firmada uma parceria estratégica entre a ANEEL e a Agência de Cooperação Alemã (GIZ) para a organização da estruturação da Rede de Inovação do Setor Elétrico – RISE aplicada à Mobilidade Elétrica, com a intenção de promover ambientes de inovação propícios à criação de produtos tecnológicos com inserção no mercado, através de pesquisas alinhadas com o setor industrial, de modo a impulsionar a mobilidade elétrica no Brasil. Em consonância, a ANEEL lançou a Chamada de Projeto de P&D Estratégico “Desenvolvimento de Soluções em Mobilidade Elétrica Eficiente” [1], a qual tem por objetivo a apresentação de soluções para mobilidade elétrica por meio de modelos de negócio, equipamentos, tecnologias, serviços, sistemas ou infraestruturas para suporte ao desenvolvimento ou à operação dos veículos elétricos ou híbridos plug-in."
GDI_0685.pdf,preproc_blocks,11,text,,0.9876,8,8,64.0,420.0,533.0,505.0,"Em 2018 foi firmada uma parceria estratégica entre a ANEEL e a Agência de Cooperação Alemã (GIZ) para a organização da estruturação da Rede de Inovação do Setor Elétrico – RISE aplicada à Mobilidade Elétrica, com a intenção de promover ambientes de inovação propícios à criação de produtos tecnológicos com inserção no mercado, através de pesquisas alinhadas com o setor industrial, de modo a impulsionar a mobilidade elétrica no Brasil. Em consonância, a ANEEL lançou a Chamada de Projeto de P&D Estratégico “Desenvolvimento de Soluções em Mobilidade Elétrica Eficiente” [1], a qual tem por objetivo a apresentação de soluções para mobilidade elétrica por meio de modelos de negócio, equipamentos, tecnologias, serviços, sistemas ou infraestruturas para suporte ao desenvolvimento ou à operação dos veículos elétricos ou híbridos plug-in."
GDI_0685.pdf,para_blocks,12,text,,0.9868,6,6,64.0,509.0,533.0,573.0,"Neste sentido, com o intuito de contribuir para os objetivos propostos na temática da eletromobilidade no país e alcançar os resultados a que se propõe [2], a Neoenergia por meio da Elektro e demais cooperadas em parceira com o Lactec (instituto de pesquisa), com a BYD (indústria de veículos elétricos) e a com a PLE (desenvolvedora de soluções em eletroeletrônicos) propuseram a realização de um projeto de P&D para o Desenvolvimento de Caminhão Elétrico para Manutenção de Redes de Distribuição, com conjunto inteligente para o gerenciamento da recarga e sistema seguro e eficiente para recargas do veículo na própria rede da concessionária [3]."
GDI_0685.pdf,preproc_blocks,12,text,,0.9868,6,6,64.0,509.0,533.0,573.0,"Neste sentido, com o intuito de contribuir para os objetivos propostos na temática da eletromobilidade no país e alcançar os resultados a que se propõe [2], a Neoenergia por meio da Elektro e demais cooperadas em parceira com o Lactec (instituto de pesquisa), com a BYD (indústria de veículos elétricos) e a com a PLE (desenvolvedora de soluções em eletroeletrônicos) propuseram a realização de um projeto de P&D para o Desenvolvimento de Caminhão Elétrico para Manutenção de Redes de Distribuição, com conjunto inteligente para o gerenciamento da recarga e sistema seguro e eficiente para recargas do veículo na própria rede da concessionária [3]."
GDI_0685.pdf,para_blocks,13,text,,0.9789,4,4,64.0,577.0,533.0,620.0,"Desta forma, neste trabalho estão apresentadas as etapas realizadas para a implementação de inovações no caminhão elétrico comercializado internacionalmente para aplicação em manutenção de redes de distribuição, o que inclui a integração de braço hidráulico e cesto aéreo e sistema seguro e eficiente para recargas de oportunidade do veículo na própria rede de distribuição da concessionária."
GDI_0685.pdf,preproc_blocks,13,text,,0.9789,4,4,64.0,577.0,533.0,620.0,"Desta forma, neste trabalho estão apresentadas as etapas realizadas para a implementação de inovações no caminhão elétrico comercializado internacionalmente para aplicação em manutenção de redes de distribuição, o que inclui a integração de braço hidráulico e cesto aéreo e sistema seguro e eficiente para recargas de oportunidade do veículo na própria rede de distribuição da concessionária."
GDI_0685.pdf,para_blocks,14,title,2.0,0.9397,1,1,65.0,628.0,174.0,640.0,2.0 DESENVOLVIMENTO
GDI_0685.pdf,preproc_blocks,14,title,2.0,0.9397,1,1,65.0,628.0,174.0,640.0,2.0 DESENVOLVIMENTO
GDI_0685.pdf,para_blocks,15,text,,0.9382,1,1,65.0,649.0,506.0,661.0,2.1 Estudos para definição dos requisitos e características para aprimoramento do caminhão e do carregador
GDI_0685.pdf,preproc_blocks,15,text,,0.9382,1,1,65.0,649.0,506.0,661.0,2.1 Estudos para definição dos requisitos e características para aprimoramento do caminhão e do carregador
GDI_0685.pdf,para_blocks,16,text,,0.9744,3,3,65.0,666.0,533.0,699.0,"O veículo escolhido para as implementações necessárias ao desenvolvimento do caminhão elétrico para manutenção de redes de distribuição é o caminhão BYD modelo T7 com pack de baterias de aproximadamente 160 kW, que pode ser observado na Figura 1."
GDI_0685.pdf,preproc_blocks,16,text,,0.9744,3,3,65.0,666.0,533.0,699.0,"O veículo escolhido para as implementações necessárias ao desenvolvimento do caminhão elétrico para manutenção de redes de distribuição é o caminhão BYD modelo T7 com pack de baterias de aproximadamente 160 kW, que pode ser observado na Figura 1."
GDI_0685.pdf,discarded_blocks,17,footer,,0.9304,1,1,240.0,789.0,358.0,801.0,ana.oening@lactec.com.br
GGH9.pdf,discarded_blocks,1,header,,0.9636,5,5,72.0,90.0,192.0,167.0,XXIIISNPTEE Samirsáulo Nectonal de Produçião B Trananbsão de Enargla Bétrioa 16 a 21 de cukbro de Z016 | Foedo lguepa | PR
GGH9.pdf,discarded_blocks,2,header,,0.9728,5,5,204.0,107.0,308.0,160.0,XXIII SNPTEE SEMINÁRIO NACIONAL DE PRODUÇÃO E TRANSMISSÃO DE ENERGIA ELÉTRICA
GGH9.pdf,discarded_blocks,3,header,,0.9659,3,3,419.0,118.0,534.0,151.0,FI/GGH/09 18 a 21 de Outubro de 2015 Foz do Iguaçu - PR
GGH9.pdf,para_blocks,4,text,,0.7677,1,1,66.0,196.0,113.0,208.0,GRUPO - I
GGH9.pdf,preproc_blocks,4,text,,0.7677,1,1,66.0,196.0,113.0,208.0,GRUPO - I
GGH9.pdf,para_blocks,5,title,1.0,0.9547,1,1,180.0,205.0,419.0,219.0,GRUPO DE ESTUDO DE GERAÇÃO HIDRÁULICA- GGH
GGH9.pdf,preproc_blocks,5,title,1.0,0.9547,1,1,180.0,205.0,419.0,219.0,GRUPO DE ESTUDO DE GERAÇÃO HIDRÁULICA- GGH
GGH9.pdf,para_blocks,6,title,1.0,0.9351,1,1,86.0,236.0,513.0,250.0,ESTRATÉGIAS “PIT STOP” PARA REDUZIR CUSTOS DE REFORMAS DE USINAS HIDRELÉTRICAS
GGH9.pdf,preproc_blocks,6,title,1.0,0.9351,1,1,86.0,236.0,513.0,250.0,ESTRATÉGIAS “PIT STOP” PARA REDUZIR CUSTOS DE REFORMAS DE USINAS HIDRELÉTRICAS
GGH9.pdf,para_blocks,7,text,,0.9657,2,2,92.0,275.0,271.0,297.0,Cornelis J. V. D. Poel Filho (*) ALSTOM ENERGIAS RENOVÁVEIS LTDA
GGH9.pdf,preproc_blocks,7,text,,0.9657,2,2,92.0,275.0,271.0,297.0,Cornelis J. V. D. Poel Filho (*) ALSTOM ENERGIAS RENOVÁVEIS LTDA
GGH9.pdf,para_blocks,8,text,,0.958,2,2,92.0,303.0,271.0,325.0,Marco A. P. Santos ALSTOM ENERGIAS RENOVÁVEIS LTDA
GGH9.pdf,preproc_blocks,8,text,,0.958,2,2,92.0,303.0,271.0,325.0,Marco A. P. Santos ALSTOM ENERGIAS RENOVÁVEIS LTDA
GGH9.pdf,para_blocks,9,text,,0.9623,2,2,328.0,275.0,507.0,297.0,Marcos V. D. Silva ALSTOM ENERGIAS RENOVÁVEIS LTDA
GGH9.pdf,preproc_blocks,9,text,,0.9623,2,2,328.0,275.0,507.0,297.0,Marcos V. D. Silva ALSTOM ENERGIAS RENOVÁVEIS LTDA
GGH9.pdf,para_blocks,10,text,,0.9581,2,2,328.0,303.0,507.0,325.0,Wilian C. D. Oliveira ALSTOM ENERGIAS RENOVÁVEIS LTDA
GGH9.pdf,preproc_blocks,10,text,,0.9581,2,2,328.0,303.0,507.0,325.0,Wilian C. D. Oliveira ALSTOM ENERGIAS RENOVÁVEIS LTDA
GGH9.pdf,para_blocks,11,title,2.0,0.9168,1,1,65.0,347.0,109.0,360.0,RESUMO
GGH9.pdf,preproc_blocks,11,title,2.0,0.9168,1,1,65.0,347.0,109.0,360.0,RESUMO
GGH9.pdf,para_blocks,12,abstract,,0.9681,7,7,64.0,369.0,533.0,443.0,"A manutenção contínua é essencial à disponibilidade das usinas para geração, porém, mesmo se realizada diligentemente, não evitará o envelhecimento das plantas. Para assegurar o desempenho no longo prazo, há a necessidade de uma reforma ou modernização. Essas intervenções requerem paradas de operação, significando perdas de produção e receitas. Reduzir estas paradas significa melhorar a relação de custo-benefício do investimento. O presente artigo abordará o conceito de pit-stop aplicado às reformas e modernizações. Será apresentado um estudo de caso onde a estratégia de pit-stop possibilitou reduzir o tempo de parada em aproximadamente 45% quando comparado a métodos tradicionais."
GGH9.pdf,preproc_blocks,12,abstract,,0.9681,7,7,64.0,369.0,533.0,443.0,"A manutenção contínua é essencial à disponibilidade das usinas para geração, porém, mesmo se realizada diligentemente, não evitará o envelhecimento das plantas. Para assegurar o desempenho no longo prazo, há a necessidade de uma reforma ou modernização. Essas intervenções requerem paradas de operação, significando perdas de produção e receitas. Reduzir estas paradas significa melhorar a relação de custo-benefício do investimento. O presente artigo abordará o conceito de pit-stop aplicado às reformas e modernizações. Será apresentado um estudo de caso onde a estratégia de pit-stop possibilitou reduzir o tempo de parada em aproximadamente 45% quando comparado a métodos tradicionais."
GGH9.pdf,para_blocks,13,title,2.0,0.61,1,1,65.0,461.0,150.0,473.0,PALAVRAS-CHAVE
GGH9.pdf,preproc_blocks,13,title,2.0,0.61,1,1,65.0,461.0,150.0,473.0,PALAVRAS-CHAVE
GGH9.pdf,para_blocks,14,text,,0.9507,1,1,65.0,482.0,327.0,494.0,"Usinas hidrelétricas, serviços, reforma, modernização, “Pit Stop”"
GGH9.pdf,preproc_blocks,14,text,,0.9507,1,1,65.0,482.0,327.0,494.0,"Usinas hidrelétricas, serviços, reforma, modernização, “Pit Stop”"
GGH9.pdf,para_blocks,15,title,2.0,0.8019,1,1,75.0,504.0,159.0,517.0,1.0 - INTRODUÇÃO
GGH9.pdf,preproc_blocks,15,title,2.0,0.8019,1,1,75.0,504.0,159.0,517.0,1.0 - INTRODUÇÃO
GGH9.pdf,para_blocks,16,text,,0.9824,17,17,64.0,529.0,533.0,708.0,"Usinas hidrelétricas precisam de uma manutenção contínua para assegurar elevados níveis de disponibilidade e geração de energia. Entretanto, mesmo os mais cuidadosos e diligentes programas de manutenção não evitarão o envelhecimento da usina e de seus equipamentos. Após anos de operação, não haverá manutenções nem intervenções maiores de revisão capazes de manter o desempenho dos equipamentos igual ao original e nem em níveis lucrativos. Este é o momento em que uma reforma mais ampla ou modernização será necessária. Modernizações têm a vantagem de proporcionar um ganho de desempenho ao equipamento, enquanto que uma reforma tem o objetivo de recuperar o desempenho original. Modernizações são possíveis devido às evoluções tecnológicas que ocorrem com o passar do tempo e ao serem realizadas, utiliza-se o estado-da-arte do(s) equipamento(s) envolvido(s) – ver Figura 1. Assumindo que a operação e manutenção de uma usina seguem boas práticas, o momento em que será necessária uma reforma ou modernização dependerá do equipamento específico. Por exemplo, sistemas eletrônicos e reguladores ficam obsoletos rapidamente e podem necessitar de uma modernização em tempos tão breves como 5 (cinco) ou 10 (dez) anos. Quando se trata de turbinas ou geradores, este tempo pode ser entre 20 (vinte) e 30 (trinta) anos ou até mais. Em qualquer caso, há redução de desempenho operacional dos equipamentos, seja por sua vida útil, seja pela obsolescência tecnológica, o que em algum momento demandará uma ação de intervenção mais completa. Para o investidor, este é um momento crítico porque uma reforma ou modernização é um serviço que requer investimentos significativos e sua execução tipicamente requer paradas de operação, significando perda de produção de energia e de receitas."
GGH9.pdf,preproc_blocks,16,text,,0.9824,17,17,64.0,529.0,533.0,708.0,"Usinas hidrelétricas precisam de uma manutenção contínua para assegurar elevados níveis de disponibilidade e geração de energia. Entretanto, mesmo os mais cuidadosos e diligentes programas de manutenção não evitarão o envelhecimento da usina e de seus equipamentos. Após anos de operação, não haverá manutenções nem intervenções maiores de revisão capazes de manter o desempenho dos equipamentos igual ao original e nem em níveis lucrativos. Este é o momento em que uma reforma mais ampla ou modernização será necessária. Modernizações têm a vantagem de proporcionar um ganho de desempenho ao equipamento, enquanto que uma reforma tem o objetivo de recuperar o desempenho original. Modernizações são possíveis devido às evoluções tecnológicas que ocorrem com o passar do tempo e ao serem realizadas, utiliza-se o estado-da-arte do(s) equipamento(s) envolvido(s) – ver Figura 1. Assumindo que a operação e manutenção de uma usina seguem boas práticas, o momento em que será necessária uma reforma ou modernização dependerá do equipamento específico. Por exemplo, sistemas eletrônicos e reguladores ficam obsoletos rapidamente e podem necessitar de uma modernização em tempos tão breves como 5 (cinco) ou 10 (dez) anos. Quando se trata de turbinas ou geradores, este tempo pode ser entre 20 (vinte) e 30 (trinta) anos ou até mais. Em qualquer caso, há redução de desempenho operacional dos equipamentos, seja por sua vida útil, seja pela obsolescência tecnológica, o que em algum momento demandará uma ação de intervenção mais completa. Para o investidor, este é um momento crítico porque uma reforma ou modernização é um serviço que requer investimentos significativos e sua execução tipicamente requer paradas de operação, significando perda de produção de energia e de receitas."
GGH9.pdf,discarded_blocks,17,footer,,0.9565,2,2,104.0,778.0,484.0,801.0,"(*) Av. Charles Schneider, s/n˚ – CEP 12.040-001 Taubaté, SP, Brasil. Tel: (+55 12) 3608-3029 – Fax: (+55 12) 3608-3192 – Email: cornelis.poel@power.alstom.com"
GGT_1247.pdf,discarded_blocks,1,header,,0.9476,1,1,73.0,43.0,132.0,85.0,XXVI SNPTEE
GGT_1247.pdf,discarded_blocks,2,header,,0.915,2,2,139.0,43.0,268.0,85.0,Produção e Transmissão de Energia Elétrica
GGT_1247.pdf,discarded_blocks,3,header,,0.8252,2,2,492.0,51.0,528.0,78.0,1247 GGT/16
GGT_1247.pdf,para_blocks,4,title,1.0,0.9408,1,1,182.0,126.0,408.0,139.0,GRUPO DE ESTUDO DE GERAÇÃO TÉRMICA - GGT
GGT_1247.pdf,preproc_blocks,4,title,1.0,0.9408,1,1,182.0,126.0,408.0,139.0,GRUPO DE ESTUDO DE GERAÇÃO TÉRMICA - GGT
GGT_1247.pdf,para_blocks,5,title,1.0,0.8768,1,1,73.0,156.0,515.0,170.0,AVALIAÇÃO DA EFICIÊNCIA ENERGÉTICA DA ADIÇÃO DE HIDROGÊNIO À REDES DE GÁS NATURAL
GGT_1247.pdf,preproc_blocks,5,title,1.0,0.8768,1,1,73.0,156.0,515.0,170.0,AVALIAÇÃO DA EFICIÊNCIA ENERGÉTICA DA ADIÇÃO DE HIDROGÊNIO À REDES DE GÁS NATURAL
GGT_1247.pdf,para_blocks,6,text,,0.897,2,2,73.0,189.0,513.0,212.0,JOÃO HENRIQUE PAULINO DE AZEVEDO (1); RODRIGO FLORA CALILI (1); SERGIO LEAL BRAGA (1) PONTIFÍCIA UNIVERSIDADE CATÓLICA DO RIO DE JANEIRO (1)
GGT_1247.pdf,preproc_blocks,6,text,,0.897,2,2,73.0,189.0,513.0,212.0,JOÃO HENRIQUE PAULINO DE AZEVEDO (1); RODRIGO FLORA CALILI (1); SERGIO LEAL BRAGA (1) PONTIFÍCIA UNIVERSIDADE CATÓLICA DO RIO DE JANEIRO (1)
GGT_1247.pdf,para_blocks,7,title,2.0,0.8903,1,1,65.0,230.0,109.0,242.0,RESUMO
GGT_1247.pdf,preproc_blocks,7,title,2.0,0.8903,1,1,65.0,230.0,109.0,242.0,RESUMO
GGT_1247.pdf,para_blocks,8,abstract,,0.9798,6,6,64.0,252.0,533.0,316.0,"A utilização do hidrogênio se mostra como alternativa para que as metas de descarbonização sejam atingidas. Há um aumento da eficiência energética do gás natural ao se misturar o hidrogênio a este gás. Neste trabalho, é analisada a possibilidade de mistura de hidrogênio ao gás natural em redes de fornecimento já existentes. Uma revisão da literatura é realizada para entender as questões técnicas e definir as concentrações aceitáveis de hidrogênio no gás natural. Por fim, é feita a projeção de emissões e custos evitados para se avaliar a eficiência energética alcançável com a inserção do hidrogênio ao gás natural em redes no Brasil."
GGT_1247.pdf,preproc_blocks,8,abstract,,0.9798,6,6,64.0,252.0,533.0,316.0,"A utilização do hidrogênio se mostra como alternativa para que as metas de descarbonização sejam atingidas. Há um aumento da eficiência energética do gás natural ao se misturar o hidrogênio a este gás. Neste trabalho, é analisada a possibilidade de mistura de hidrogênio ao gás natural em redes de fornecimento já existentes. Uma revisão da literatura é realizada para entender as questões técnicas e definir as concentrações aceitáveis de hidrogênio no gás natural. Por fim, é feita a projeção de emissões e custos evitados para se avaliar a eficiência energética alcançável com a inserção do hidrogênio ao gás natural em redes no Brasil."
GGT_1247.pdf,para_blocks,9,text,,0.8218,1,1,65.0,324.0,150.0,335.0,PALAVRAS-CHAVE
GGT_1247.pdf,preproc_blocks,9,text,,0.8218,1,1,65.0,324.0,150.0,335.0,PALAVRAS-CHAVE
GGT_1247.pdf,para_blocks,10,text,,0.9447,1,1,65.0,345.0,445.0,357.0,Gás natural enriquecido com hidrogênio; hidrogênio; descarbonização; eficiência energética; combustão
GGT_1247.pdf,preproc_blocks,10,text,,0.9447,1,1,65.0,345.0,445.0,357.0,Gás natural enriquecido com hidrogênio; hidrogênio; descarbonização; eficiência energética; combustão
GGT_1247.pdf,para_blocks,11,title,2.0,0.9389,1,1,66.0,375.0,147.0,388.0,1.0 INTRODUÇÃO
GGT_1247.pdf,preproc_blocks,11,title,2.0,0.9389,1,1,66.0,375.0,147.0,388.0,1.0 INTRODUÇÃO
GGT_1247.pdf,para_blocks,12,text,,0.9874,7,7,65.0,397.0,533.0,468.0,"O hidrogênio oferece uma ótima oportunidade para descarbonizar os suprimentos de energia atuais. Mesmo sendo o elemento químico mais abundante na natureza, este deve ser produzido para ser considerado uma alternativa de uso final energético. Além disso, ele representa um verdadeiro transportador de energia livre de carbono. Todavia, as tecnologias para produzi-lo causam uma pegada de carbono diferente de zero. Acordos mundiais impulsionaram os países a adotarem tecnologias de baixo carbono: o protocolo de Kyoto assinado em 1997 e aplicado em 2005 ao impor a todos os membros a reduzirem suas emissões de gases de efeito estufa; e o acordo COP21 em Paris de 2015, que definiu responsabilidades nas emissões para todos os países do globo."
GGT_1247.pdf,preproc_blocks,12,text,,0.9874,7,7,65.0,397.0,533.0,468.0,"O hidrogênio oferece uma ótima oportunidade para descarbonizar os suprimentos de energia atuais. Mesmo sendo o elemento químico mais abundante na natureza, este deve ser produzido para ser considerado uma alternativa de uso final energético. Além disso, ele representa um verdadeiro transportador de energia livre de carbono. Todavia, as tecnologias para produzi-lo causam uma pegada de carbono diferente de zero. Acordos mundiais impulsionaram os países a adotarem tecnologias de baixo carbono: o protocolo de Kyoto assinado em 1997 e aplicado em 2005 ao impor a todos os membros a reduzirem suas emissões de gases de efeito estufa; e o acordo COP21 em Paris de 2015, que definiu responsabilidades nas emissões para todos os países do globo."
GGT_1247.pdf,para_blocks,13,text,,0.9881,7,7,65.0,467.0,533.0,537.0,"Em 2018 o fornecimento de eletricidade e energia térmica para edifícios, indústrias e transportes foi responsável por 56% das emissões globais, enquanto apenas o setor de geração respondia por 41% (IEA, 2020). Sabe-se que a produção de energia renovável é menos constante e previsível do que a fóssil, pois não são despacháveis. Uma matriz de energia elétrica limpa, implica desafios significativos na gestão da rede elétrica. Assim, há a necessidade de novas tecnologias que permitam o armazenamento de energia e o balanceamento da rede. Uma tecnologia promissora é o power-to-gas (P2G), que permite transformar eletricidade em hidrogênio (H2) ou em outros combustíveis."
GGT_1247.pdf,preproc_blocks,13,text,,0.9881,7,7,65.0,467.0,533.0,537.0,"Em 2018 o fornecimento de eletricidade e energia térmica para edifícios, indústrias e transportes foi responsável por 56% das emissões globais, enquanto apenas o setor de geração respondia por 41% (IEA, 2020). Sabe-se que a produção de energia renovável é menos constante e previsível do que a fóssil, pois não são despacháveis. Uma matriz de energia elétrica limpa, implica desafios significativos na gestão da rede elétrica. Assim, há a necessidade de novas tecnologias que permitam o armazenamento de energia e o balanceamento da rede. Uma tecnologia promissora é o power-to-gas (P2G), que permite transformar eletricidade em hidrogênio (H2) ou em outros combustíveis."
GGT_1247.pdf,para_blocks,14,text,,0.9887,10,10,64.0,537.0,533.0,637.0,"O hidrogênio produzido pode ser injetado diretamente na rede de gás natural, ou usado para produzir metano por meio do processo de metanação. Quando P2G utiliza eletrólise da água através da utilização de energia renovável (eólica, solar etc.), o combustível produzido é teoricamente zero de carbono e, neste caso, o hidrogênio é frequentemente referido como “hidrogênio verde” (DAWOOD, ANDA, et al., 2020). Outra via de descarbonização é a transformação do gás natural por reforma a vapor do metano (SMR – Steam Methane Reforming) juntamente com tecnologias de captura e sequestro de carbono (CCS – Carbon Capture and Storage). O hidrogênio produzido desta forma é geralmente referido como “hidrogênio azul” (DAWOOD, ANDA, et al., 2020). Qualquer que seja a via de descarbonização prevalecente, dependendo também da evolução dos aspectos tecnológicos e econômicos, o futuro do gás natural envolverá o uso de H2 e metano mistos, também relatado na literatura como Gás Natural Enriquecido com Hidrogênio (HENG – Hydrogen Enriched Natural Gas)."
GGT_1247.pdf,preproc_blocks,14,text,,0.9887,10,10,64.0,537.0,533.0,637.0,"O hidrogênio produzido pode ser injetado diretamente na rede de gás natural, ou usado para produzir metano por meio do processo de metanação. Quando P2G utiliza eletrólise da água através da utilização de energia renovável (eólica, solar etc.), o combustível produzido é teoricamente zero de carbono e, neste caso, o hidrogênio é frequentemente referido como “hidrogênio verde” (DAWOOD, ANDA, et al., 2020). Outra via de descarbonização é a transformação do gás natural por reforma a vapor do metano (SMR – Steam Methane Reforming) juntamente com tecnologias de captura e sequestro de carbono (CCS – Carbon Capture and Storage). O hidrogênio produzido desta forma é geralmente referido como “hidrogênio azul” (DAWOOD, ANDA, et al., 2020). Qualquer que seja a via de descarbonização prevalecente, dependendo também da evolução dos aspectos tecnológicos e econômicos, o futuro do gás natural envolverá o uso de H2 e metano mistos, também relatado na literatura como Gás Natural Enriquecido com Hidrogênio (HENG – Hydrogen Enriched Natural Gas)."
GGT_1247.pdf,para_blocks,15,text,,0.973,3,3,65.0,636.0,533.0,668.0,"O objetivo deste artigo é estimar as emissões de gases efeito estufa e os custos evitados com a inserção do hidrogênio no Brasil e, assim, avaliar a eficiência energética alcançável com a mistura do hidrogênio às redes de gás natural do país."
GGT_1247.pdf,preproc_blocks,15,text,,0.973,3,3,65.0,636.0,533.0,668.0,"O objetivo deste artigo é estimar as emissões de gases efeito estufa e os custos evitados com a inserção do hidrogênio no Brasil e, assim, avaliar a eficiência energética alcançável com a mistura do hidrogênio às redes de gás natural do país."
GGT_1247.pdf,para_blocks,16,title,2.0,0.9472,1,1,65.0,676.0,199.0,688.0,2.0 REVISÃO BIBLIOGRÁFICA
GGT_1247.pdf,preproc_blocks,16,title,2.0,0.9472,1,1,65.0,676.0,199.0,688.0,2.0 REVISÃO BIBLIOGRÁFICA
GGT_1247.pdf,para_blocks,17,text,,0.9803,6,6,64.0,697.0,533.0,740.0,"A distribuição de misturas de hidrogênio e metano por gasoduto tem uma longa história, que remonta às origens do sistema de gás natural de hoje, quando o gás manufaturado (gás de síntese) produzido a partir do carvão foi canalizado pela primeira vez durante a era Gaslight para postes de luz, edifícios comerciais, e famílias no início e meados de 1800 (TOMORY, 2009). Os produtos de gás manufaturados da época, também conhecidos como gás de cidade ou gás de água, normalmente continham 30% a 50% de hidrogênio, que podiam ser produzidos a partir de piche, óleo de baleia, carvão ou produtos petrolíferos (MELAINA, ANTONIA, et al., 2013)."
GGT_1247.pdf,preproc_blocks,17,text,,0.9803,4,4,64.0,697.0,533.0,740.0,"A distribuição de misturas de hidrogênio e metano por gasoduto tem uma longa história, que remonta às origens do sistema de gás natural de hoje, quando o gás manufaturado (gás de síntese) produzido a partir do carvão foi canalizado pela primeira vez durante a era Gaslight para postes de luz, edifícios comerciais, e famílias no início e meados de 1800 (TOMORY, 2009). Os produtos de gás manufaturados da época, também conhecidos como gás de"
GGT_1247.pdf,discarded_blocks,18,footer,,0.9326,1,1,239.0,789.0,360.0,801.0,joaohpazevedo@gmail.com
GTL_0081.pdf,discarded_blocks,1,header,,0.8037,4,4,66.0,34.0,250.0,76.0,XXVII Seminário Nacional de Produção e Transmissão de Energia Elétrica XXVIISNPTEE
GTL_0081.pdf,discarded_blocks,2,header,,0.733,2,2,495.0,39.0,525.0,68.0,0081 GTL/4
GTL_0081.pdf,para_blocks,3,title,1.0,0.9605,2,2,87.0,135.0,502.0,159.0,GRUPO DE ESTUDO DE SISTEMAS DE INFORMAÇÃO E TELECOMUNICAÇÃO PARA SISTEMAS ELÉTRICOS - GTL
GTL_0081.pdf,preproc_blocks,3,title,1.0,0.9605,2,2,87.0,135.0,502.0,159.0,GRUPO DE ESTUDO DE SISTEMAS DE INFORMAÇÃO E TELECOMUNICAÇÃO PARA SISTEMAS ELÉTRICOS - GTL
GTL_0081.pdf,para_blocks,4,title,1.0,0.5727,1,1,218.0,177.0,371.0,190.0,CENTRO VIRTUAL DE OPERAÇÃO
GTL_0081.pdf,preproc_blocks,4,title,1.0,0.5727,1,1,218.0,177.0,371.0,190.0,CENTRO VIRTUAL DE OPERAÇÃO
GTL_0081.pdf,para_blocks,5,title,1.0,0.9671,3,3,97.0,209.0,490.0,242.0,CLAUDIO VINICIUS DUARTE CABRAL(1);WILLAMS VIDAL SAMPAIO(2);SIDNEY FERREIRA PINTO(3);CLEITON SILVA CASTRO(4);ANDRE LUIS DE FREITAS FARIAS(5) CENTRAIS ELETRICAS DO NORTE DO BRASIL S/A(1)
GTL_0081.pdf,preproc_blocks,5,title,1.0,0.9671,3,3,97.0,209.0,490.0,242.0,CLAUDIO VINICIUS DUARTE CABRAL(1);WILLAMS VIDAL SAMPAIO(2);SIDNEY FERREIRA PINTO(3);CLEITON SILVA CASTRO(4);ANDRE LUIS DE FREITAS FARIAS(5) CENTRAIS ELETRICAS DO NORTE DO BRASIL S/A(1)
GTL_0081.pdf,para_blocks,6,title,2.0,0.9324,1,1,65.0,261.0,109.0,272.0,RESUMO
GTL_0081.pdf,preproc_blocks,6,title,2.0,0.9324,1,1,65.0,261.0,109.0,272.0,RESUMO
GTL_0081.pdf,para_blocks,7,text,,0.982,5,5,64.0,282.0,533.0,336.0,"O Centro Virtual de Operação foi desenvolvido com tecnologias de realidade virtual e computação em nuvem (cloud computing), integradas com sistemas especialistas SCADA (SAGE). O Centro de Operação Virtual é uma réplica digital (digital twin) da sala e controle do Centro de Operação Integrada de Geração e Transmissão - COI GT. Este ambiente, acessado com o uso de óculos de realidade virtual – VR, apresenta um layout digital dos elementos reais presentes em uma sala controle de operação em tempo real."
GTL_0081.pdf,preproc_blocks,7,text,,0.982,5,5,64.0,282.0,533.0,336.0,"O Centro Virtual de Operação foi desenvolvido com tecnologias de realidade virtual e computação em nuvem (cloud computing), integradas com sistemas especialistas SCADA (SAGE). O Centro de Operação Virtual é uma réplica digital (digital twin) da sala e controle do Centro de Operação Integrada de Geração e Transmissão - COI GT. Este ambiente, acessado com o uso de óculos de realidade virtual – VR, apresenta um layout digital dos elementos reais presentes em uma sala controle de operação em tempo real."
GTL_0081.pdf,para_blocks,8,title,2.0,0.8235,1,1,65.0,343.0,151.0,354.0,PALAVRAS-CHAVE
GTL_0081.pdf,preproc_blocks,8,title,2.0,0.8235,1,1,65.0,343.0,151.0,354.0,PALAVRAS-CHAVE
GTL_0081.pdf,para_blocks,9,text,,0.9309,1,1,65.0,354.0,519.0,367.0,"digital Twin, SAGE, Realiadde Virtual, Meta Verso, cloud computing, Centro de Operação, Eletrobras Eletronorte"
GTL_0081.pdf,preproc_blocks,9,text,,0.9309,1,1,65.0,354.0,519.0,367.0,"digital Twin, SAGE, Realiadde Virtual, Meta Verso, cloud computing, Centro de Operação, Eletrobras Eletronorte"
GTL_0081.pdf,para_blocks,10,title,2.0,0.9378,1,1,66.0,374.0,145.0,387.0,1.0 INTRODUÇÃO
GTL_0081.pdf,preproc_blocks,10,title,2.0,0.9378,1,1,66.0,374.0,145.0,387.0,1.0 INTRODUÇÃO
GTL_0081.pdf,para_blocks,11,text,,0.9799,4,4,64.0,396.0,533.0,440.0,"A Indústria 4.0 é a quarta revolução industrial que está sendo caracterizada pelo uso da tecnologia da informação para automatizar processos industriais, a partir dos avanços em áreas como inteligência artificial, internet das coisas, robótica e análise de dados. Com o objetivo de aumentar a eficiência, reduzir os custos e melhorar a qualidade dos produtos, a Indústria 4.0 está mudando a maneira como a produção é realizada e os produtos são desenvolvidos."
GTL_0081.pdf,preproc_blocks,11,text,,0.9799,4,4,64.0,396.0,533.0,440.0,"A Indústria 4.0 é a quarta revolução industrial que está sendo caracterizada pelo uso da tecnologia da informação para automatizar processos industriais, a partir dos avanços em áreas como inteligência artificial, internet das coisas, robótica e análise de dados. Com o objetivo de aumentar a eficiência, reduzir os custos e melhorar a qualidade dos produtos, a Indústria 4.0 está mudando a maneira como a produção é realizada e os produtos são desenvolvidos."
GTL_0081.pdf,para_blocks,12,text,,0.985,6,6,64.0,447.0,533.0,512.0,"O metaverso é a visão de um universo virtual coletivo, que pode ser acessado através da tecnologia da realidade virtual. Ele é criado a partir de uma combinação de realidade virtual e inteligência artificial, com o objetivo de criar uma experiência imersiva para o usuário. Esta tecnologia permite que os usuários explorem, criem e colaborem em um ambiente virtual, onde eles podem interagir com outras pessoas e objetos virtuais de maneira realista. Além disso, o metaverso pode ser usado para aplicações comerciais, como a venda de produtos virtuais, a realização de eventos virtuais e a criação de novas formas de entretenimento."
GTL_0081.pdf,preproc_blocks,12,text,,0.985,6,6,64.0,447.0,533.0,512.0,"O metaverso é a visão de um universo virtual coletivo, que pode ser acessado através da tecnologia da realidade virtual. Ele é criado a partir de uma combinação de realidade virtual e inteligência artificial, com o objetivo de criar uma experiência imersiva para o usuário. Esta tecnologia permite que os usuários explorem, criem e colaborem em um ambiente virtual, onde eles podem interagir com outras pessoas e objetos virtuais de maneira realista. Além disso, o metaverso pode ser usado para aplicações comerciais, como a venda de produtos virtuais, a realização de eventos virtuais e a criação de novas formas de entretenimento."
GTL_0081.pdf,para_blocks,13,text,,0.9799,4,4,64.0,520.0,533.0,564.0,"A Indústria 4.0 e o metaverso estão se complementando em muitos aspectos. A Indústria 4.0 está fornecendo a tecnologia necessária para criar o metaverso, e o metaverso está fornecendo novas formas de usar essa tecnologia para melhorar a produção e a venda de produtos. Além disso, a Indústria 4.0 está usando o metaverso para criar novas formas de treinar e capacitar funcionários, além de fornecer novas formas de entretenimento e socialização."
GTL_0081.pdf,preproc_blocks,13,text,,0.9799,4,4,64.0,520.0,533.0,564.0,"A Indústria 4.0 e o metaverso estão se complementando em muitos aspectos. A Indústria 4.0 está fornecendo a tecnologia necessária para criar o metaverso, e o metaverso está fornecendo novas formas de usar essa tecnologia para melhorar a produção e a venda de produtos. Além disso, a Indústria 4.0 está usando o metaverso para criar novas formas de treinar e capacitar funcionários, além de fornecer novas formas de entretenimento e socialização."
GTL_0081.pdf,para_blocks,14,title,2.0,0.9443,1,1,65.0,581.0,189.0,594.0,2.0 MATERIAIS E MÉTODOS
GTL_0081.pdf,preproc_blocks,14,title,2.0,0.9443,1,1,65.0,581.0,189.0,594.0,2.0 MATERIAIS E MÉTODOS
GTL_0081.pdf,para_blocks,15,text,,0.9818,4,4,64.0,613.0,533.0,657.0,"No ano de 2022, a Eletrobras Eletronorte desenvolveu um projeto estratégico com tema principal a inovação do macroprocesso “Operar”, consolidando o uso de metodologias ágeis na gestão dos PECs, busca de novas tecnológicas de indústria 4.0 e a aplicação destas tecnologias disruptivas. As inovações desenvolvidas no decorrer do projeto estão pavimentando a jornada da transformação digital no processo “Operar”."
GTL_0081.pdf,preproc_blocks,15,text,,0.9818,4,4,64.0,613.0,533.0,657.0,"No ano de 2022, a Eletrobras Eletronorte desenvolveu um projeto estratégico com tema principal a inovação do macroprocesso “Operar”, consolidando o uso de metodologias ágeis na gestão dos PECs, busca de novas tecnológicas de indústria 4.0 e a aplicação destas tecnologias disruptivas. As inovações desenvolvidas no decorrer do projeto estão pavimentando a jornada da transformação digital no processo “Operar”."
GTL_0081.pdf,para_blocks,16,text,,0.9861,7,7,64.0,664.0,533.0,740.0,"Uma das inovações desenvolvidas foi o Minimum Viable Product - MVP do Centro Virtual de Operação, desenvolvido com tecnologias de realidade virtual e computação em nuvem (cloud computing), integradas com sistemas especialistas. O Centro de Operação Virtual é uma réplica digital (digital twin) da sala e controle do Centro de Operação Integrada de Geração e Transmissão - COI G&T. Os técnicos de operação acessaram o ambiente virtual com o uso de óculos de realidade virtual – VR. Estes óculos proporcionam uma experiência sintética e imersiva, sem nenhum senso do mundo real externo. A seguir são apresentadas imagens do Centro de Operação Virtual e as fotografias do Centro Real de Operação do COI G&T:"
GTL_0081.pdf,preproc_blocks,16,text,,0.9861,7,7,64.0,664.0,533.0,740.0,"Uma das inovações desenvolvidas foi o Minimum Viable Product - MVP do Centro Virtual de Operação, desenvolvido com tecnologias de realidade virtual e computação em nuvem (cloud computing), integradas com sistemas especialistas. O Centro de Operação Virtual é uma réplica digital (digital twin) da sala e controle do Centro de Operação Integrada de Geração e Transmissão - COI G&T. Os técnicos de operação acessaram o ambiente virtual com o uso de óculos de realidade virtual – VR. Estes óculos proporcionam uma experiência sintética e imersiva, sem nenhum senso do mundo real externo. A seguir são apresentadas imagens do Centro de Operação Virtual e as fotografias do Centro Real de Operação do COI G&T:"
GTL_0081.pdf,discarded_blocks,17,footer,,0.9357,1,1,223.0,789.0,375.0,800.0,claudio.cabral@eletronorte.com.br
GTL_0081.pdf,discarded_blocks,18,footer,,0.9065,1,1,233.0,812.0,360.0,826.0,CLASSIFICAÇÃO: PÚBLICA
GTM10.pdf,discarded_blocks,1,header,,0.9563,1,1,89.0,96.0,201.0,192.0,XXIVSNPTEE
GTM10.pdf,discarded_blocks,2,header,,0.8977,3,3,224.0,108.0,410.0,148.0,XXIV SNPTEE SEMINÁRIO NACIONAL DE RODUÇÃO TRANSMISSÃO DE ENERGIA ELÉTRICA
GTM10.pdf,discarded_blocks,3,header,,0.8814,1,1,487.0,109.0,537.0,120.0,CB/GTM/10
GTM10.pdf,discarded_blocks,4,header,,0.4931,1,1,225.0,168.0,344.0,180.0,22 a 25 de outubro de 2017
GTM10.pdf,para_blocks,5,text,,0.5957,1,1,225.0,184.0,283.0,196.0,Curitiba - PR
GTM10.pdf,preproc_blocks,5,text,,0.5957,1,1,225.0,184.0,283.0,196.0,Curitiba - PR
GTM10.pdf,para_blocks,6,text,,0.7177,1,1,69.0,235.0,127.0,246.0,GRUPO - XIII
GTM10.pdf,preproc_blocks,6,text,,0.7177,1,1,69.0,235.0,127.0,246.0,GRUPO - XIII
GTM10.pdf,para_blocks,7,title,1.0,0.7989,2,2,72.0,250.0,534.0,274.0,"GRUPO DE ESTUDO DE TRANSFORMADORES, REATORES, MATERIAIS E TECNOLOGIAS EMERGENTES - GTM"
GTM10.pdf,preproc_blocks,7,title,1.0,0.7989,2,2,72.0,250.0,534.0,274.0,"GRUPO DE ESTUDO DE TRANSFORMADORES, REATORES, MATERIAIS E TECNOLOGIAS EMERGENTES - GTM"
GTM10.pdf,para_blocks,8,title,1.0,0.7294,2,2,89.0,277.0,517.0,301.0,CONDIÇÕES DE SOBRECARGA E IMPLICAÇÕES DA NBR 5356-7 DURANTE O DESIGN REVIEW DE TRANSFORMADORES
GTM10.pdf,preproc_blocks,8,title,1.0,0.7294,2,2,89.0,277.0,517.0,301.0,CONDIÇÕES DE SOBRECARGA E IMPLICAÇÕES DA NBR 5356-7 DURANTE O DESIGN REVIEW DE TRANSFORMADORES
GTM10.pdf,para_blocks,9,text,,0.46,1,1,73.0,313.0,288.0,325.0,Luiz Fernando de Oliveira (*) Álvaro Portillo
GTM10.pdf,preproc_blocks,9,text,,0.46,1,1,73.0,313.0,288.0,325.0,Luiz Fernando de Oliveira (*) Álvaro Portillo
GTM10.pdf,para_blocks,10,text,,0.8315,1,1,334.0,313.0,405.0,325.0,Gilson Semiano
GTM10.pdf,preproc_blocks,10,text,,0.8315,1,1,334.0,313.0,405.0,325.0,Gilson Semiano
GTM10.pdf,para_blocks,11,text,,0.8445,1,1,461.0,313.0,531.0,325.0,Odirlan Iaronka
GTM10.pdf,preproc_blocks,11,text,,0.8445,1,1,461.0,313.0,531.0,325.0,Odirlan Iaronka
GTM10.pdf,para_blocks,12,title,1.0,0.6618,1,1,236.0,334.0,369.0,346.0,WEG – WTD Transformadores
GTM10.pdf,preproc_blocks,12,title,1.0,0.6618,1,1,236.0,334.0,369.0,346.0,WEG – WTD Transformadores
GTM10.pdf,para_blocks,13,title,2.0,0.9214,1,1,65.0,376.0,106.0,388.0,RESUMO
GTM10.pdf,preproc_blocks,13,title,2.0,0.9214,1,1,65.0,376.0,106.0,388.0,RESUMO
GTM10.pdf,para_blocks,14,text,,0.97,6,6,64.0,393.0,538.0,459.0,"Na iminência da publicação da NBR 5356-7, baseada na IEC 60076-7, é fundamental o domínio da metodologia de cálculo térmico utilizado pela norma, na qual pequenas variações na aplicação podem levar a resultados bastante diferentes. A norma introduzirá ainda o “Anexo H” com caráter normativo estabelecendo o ensaio de elevação de temperatura em sobrecarga com o objetivo de assegurar a verificação das características dos transformadores frente a sobrecargas de curta duração, onde as medições das temperaturas são realizadas sem a estabilização em regime permanente. Este trabalho visa propiciar um entendimento melhor destas implicações, para comprador e fabricante."
GTM10.pdf,preproc_blocks,14,text,,0.97,6,6,64.0,393.0,538.0,459.0,"Na iminência da publicação da NBR 5356-7, baseada na IEC 60076-7, é fundamental o domínio da metodologia de cálculo térmico utilizado pela norma, na qual pequenas variações na aplicação podem levar a resultados bastante diferentes. A norma introduzirá ainda o “Anexo H” com caráter normativo estabelecendo o ensaio de elevação de temperatura em sobrecarga com o objetivo de assegurar a verificação das características dos transformadores frente a sobrecargas de curta duração, onde as medições das temperaturas são realizadas sem a estabilização em regime permanente. Este trabalho visa propiciar um entendimento melhor destas implicações, para comprador e fabricante."
GTM10.pdf,para_blocks,15,title,2.0,0.573,1,1,65.0,461.0,145.0,472.0,PALAVRAS-CHAVE
GTM10.pdf,preproc_blocks,15,title,2.0,0.573,1,1,65.0,461.0,145.0,472.0,PALAVRAS-CHAVE
GTM10.pdf,para_blocks,16,text,,0.9493,1,1,83.0,478.0,491.0,490.0,"Transformador, Sobrecarga em transformadores, Temperatura de Hot-Spot, Design Review, Vida útil"
GTM10.pdf,preproc_blocks,16,text,,0.9493,1,1,83.0,478.0,491.0,490.0,"Transformador, Sobrecarga em transformadores, Temperatura de Hot-Spot, Design Review, Vida útil"
GTM10.pdf,para_blocks,17,title,2.0,0.9406,1,1,66.0,500.0,150.0,512.0,1.0 - INTRODUÇÃO
GTM10.pdf,preproc_blocks,17,title,2.0,0.9406,1,1,66.0,500.0,150.0,512.0,1.0 - INTRODUÇÃO
GTM10.pdf,para_blocks,18,text,,0.9859,7,7,64.0,517.0,533.0,590.0,"Historicamente, os valores das características gque descrevem o desempenho de transformadores são garantidos com base nos dados de medicões em regime permanente (é assim com perdas. temperatura. etc.). Os valores de temperatura exigem ensaios de longa duração devido aos valores das constantes térmicas serem relativamente elevados, consequentemente, o transformador leva horas para atingir as temperaturas de regime. O Anexo H da NBR 5356-7 deve introduzir o ensaio de elevação de temperatura em sobrecarga e, como é de se esperar, o tempo dessas sobrecargas são inferiores ao tempo necessário para estabilização das temperaturas, sobretudo do fluido isolante."
GTM10.pdf,preproc_blocks,18,text,,0.9859,7,7,64.0,517.0,533.0,590.0,"Historicamente, os valores das características gque descrevem o desempenho de transformadores são garantidos com base nos dados de medicões em regime permanente (é assim com perdas. temperatura. etc.). Os valores de temperatura exigem ensaios de longa duração devido aos valores das constantes térmicas serem relativamente elevados, consequentemente, o transformador leva horas para atingir as temperaturas de regime. O Anexo H da NBR 5356-7 deve introduzir o ensaio de elevação de temperatura em sobrecarga e, como é de se esperar, o tempo dessas sobrecargas são inferiores ao tempo necessário para estabilização das temperaturas, sobretudo do fluido isolante."
GTM10.pdf,para_blocks,19,text,,0.9701,2,2,64.0,595.0,532.0,617.0,"Tendo em vista a necessidade da análise transitória das temperaturas e as informações geralmente solicitadas durante o Design Review, este trabalho abordará os seguintes tópicos:"
GTM10.pdf,preproc_blocks,19,text,,0.9701,2,2,64.0,595.0,532.0,617.0,"Tendo em vista a necessidade da análise transitória das temperaturas e as informações geralmente solicitadas durante o Design Review, este trabalho abordará os seguintes tópicos:"
GTM10.pdf,para_blocks,20,text,,0.9456,1,1,82.0,622.0,491.0,633.0, Comparativo entre o método exponencial e o método diferencial sugeridos pela IEC 60076-7 [1];
GTM10.pdf,preproc_blocks,20,text,,0.9456,1,1,82.0,622.0,491.0,633.0, Comparativo entre o método exponencial e o método diferencial sugeridos pela IEC 60076-7 [1];
GTM10.pdf,para_blocks,21,text,,0.9348,1,1,83.0,634.0,433.0,645.0, Influência da temperatura ambiente na vida útil e durante o ensaio de sobrecarga;
GTM10.pdf,preproc_blocks,21,text,,0.9348,1,1,83.0,634.0,433.0,645.0, Influência da temperatura ambiente na vida útil e durante o ensaio de sobrecarga;
GTM10.pdf,para_blocks,22,text,,0.9347,1,1,83.0,645.0,330.0,655.0, Efeito do fluxo disperso adicional em shunts magnéticos
GTM10.pdf,preproc_blocks,22,text,,0.9347,1,1,83.0,645.0,330.0,655.0, Efeito do fluxo disperso adicional em shunts magnéticos
GTM10.pdf,para_blocks,23,text,,0.9405,1,1,83.0,655.0,264.0,666.0,Influência do fator de Hot-Spot variável;
GTM10.pdf,preproc_blocks,23,text,,0.9405,1,1,83.0,655.0,264.0,666.0,Influência do fator de Hot-Spot variável;
GTM10.pdf,para_blocks,24,text,,0.9693,2,2,64.0,671.0,532.0,694.0,"Em muitas análises ao longo deste trabalho será utilizado o ciclo denominado como “Ciclo de sobrecarga” da nota técnica elaborada pelo ONS [2], exibido na Figura 1."
GTM10.pdf,preproc_blocks,24,text,,0.9693,2,2,64.0,671.0,532.0,694.0,"Em muitas análises ao longo deste trabalho será utilizado o ciclo denominado como “Ciclo de sobrecarga” da nota técnica elaborada pelo ONS [2], exibido na Figura 1."
GTM10.pdf,discarded_blocks,25,footer,,0.9384,2,2,143.0,766.0,462.0,794.0,"Rua Dr. Pedro Zimmermann, n˚ 6751 – CEP 89068-001 Blumenau, SC – Brasil Tel: (+55 47) 3337-1000 – Fax: (+55 47) 3337-1090 – email: luizo@weg.net"
